期刊名称,类型,别名,简称,ISSN,CCF级别,CCF版本,学校等级,学校名称,学校版本
ACM Transactions on Computer Systems,journal,,TOCS,,A,第七版（2026年）,C,云南财经大学,2026
ACM Transactions on Storage,journal,,TOS,,A,第七版（2026年）,C,云南财经大学,2026
IEEE Transactions on Computer-Aided Design of Integrated Circuits and Systems,journal,,TCAD,,A,第七版（2026年）,C,云南财经大学,2026
IEEE Transactions on Computers,journal,IEEE Transactions on Computers,TC,0018-9340,A,第七版（2026年）,A,云南财经大学,2026
IEEE Transactions on Parallel and Distributed Systems,journal,IEEE Transactions on Parallel and Distributed Systems,TPDS,1045-9219,A,第七版（2026年）,A,云南财经大学,2026
ACM Transactions on Architecture and Code Optimization,journal,,TACO,,A,第七版（2026年）,C,云南财经大学,2026
ACM Transactions on Autonomous and Adaptive Systems,journal,,TAAS,,B,第七版（2026年）,C,云南财经大学,2026
ACM Transactions on Design Automation of Electronic Systems,journal,,TODAES,,B,第七版（2026年）,C,云南财经大学,2026
ACM Transactions on Embedded Computing Systems,journal,,TECS,,B,第七版（2026年）,C,云南财经大学,2026
ACM Transactions on Reconfigurable Technology and Systems,journal,,TRETS,,B,第七版（2026年）,C,云南财经大学,2026
IEEE Transactions on Very Large Scale Integration (VLSI) Systems,journal,,TVLSI,,B,第七版（2026年）,C,云南财经大学,2026
Journal of Parallel and Distributed Computing,journal,Journal of Parallel and Distributed Computing,JPDC,0743-7315,B,第七版（2026年）,B,云南财经大学,2026
Journal of Systems Architecture: Embedded Software Design,journal,,JSA,,B,第七版（2026年）,C,云南财经大学,2026
Parallel Computing,journal,Parallel Computing,,0167-8191,B,第七版（2026年）,B,云南财经大学,2026
Performance Evaluation: An International Journal,journal,,,,B,第七版（2026年）,C,云南财经大学,2026
IEEE Transactions on Cloud Computing,journal,IEEE Transactions on Cloud Computing,,2168-7161,B,第七版（2026年）,B,云南财经大学,2026
ACM Journal on Emerging Technologies in Computing Systems,journal,,JETC,,C,第七版（2026年）,D,云南财经大学,2026
Concurrency and Computation: Practice and Experience,journal,,,,C,第七版（2026年）,D,云南财经大学,2026
Distributed Computing,journal,,DC,,C,第七版（2026年）,D,云南财经大学,2026
Future Generation Computer Systems,journal,Future Generation Computer Systems-The International Journal of Escience,FGCS,0167-739X,C,第七版（2026年）,B,云南财经大学,2026
"Integration, the VLSI Journal",journal,,Integration,,C,第七版（2026年）,D,云南财经大学,2026
Journal of Electronic Testing-Theory and Applications,journal,,JETTA,,C,第七版（2026年）,D,云南财经大学,2026
Journal of Grid computing,journal,,JGC,,C,第七版（2026年）,D,云南财经大学,2026
Real-Time Systems,journal,,RTS,,C,第七版（2026年）,D,云南财经大学,2026
The Journal of Supercomputing,journal,,TJSC,,C,第七版（2026年）,D,云南财经大学,2026
IEEE Transactions on Circuits and Systems I: Regular Papers,journal,,TCASI,,C,第七版（2026年）,D,云南财经大学,2026
CCF Transactions on High Performance Computing,journal,,CCF- THPC,,C,第七版（2026年）,D,云南财经大学,2026
IEEE Transactions on Sustainable Computing,journal,,TSUSC,,C,第七版（2026年）,D,云南财经大学,2026
ACM SIGPLAN Symposium on Principles & Practice of Parallel Programming,conference,,PPoPP,,A,第七版（2026年）,C,云南财经大学,2026
USENIX Conference on File and Storage Technologies,conference,,FAST,,A,第七版（2026年）,C,云南财经大学,2026
Design Automation Conference,conference,,DAC,,A,第七版（2026年）,C,云南财经大学,2026
IEEE International Symposium on High Performance Computer Architecture,conference,,HPCA,,A,第七版（2026年）,C,云南财经大学,2026
IEEE/ACM International Symposium on Microarchitecture,conference,,MICRO,,A,第七版（2026年）,C,云南财经大学,2026
"International Conference for High Performance Computing, Networking, Storage, and Analysis",conference,,SC,,A,第七版（2026年）,C,云南财经大学,2026
International Conference on Architectural Support for Programming Languages and Operating Systems,conference,,ASPLOS,,A,第七版（2026年）,C,云南财经大学,2026
International Symposium on Computer Architecture,conference,,ISCA,,A,第七版（2026年）,C,云南财经大学,2026
ACM SIGOPS Annual Technical Conference,conference,,ACM SIGOPS ATC （原 USENIX ATC）,,A,第七版（2026年）,C,云南财经大学,2026
European Conference on Computer Systems,conference,,EuroSys,,A,第七版（2026年）,C,云南财经大学,2026
The International ACM Symposium on High-Performance Parallel and Distributed Computing,conference,,HPDC,,A,第七版（2026年）,C,云南财经大学,2026
ACM Symposium on Cloud Computing,conference,,SoCC,,B,第七版（2026年）,C,云南财经大学,2026
ACM Symposium on Parallelism in Algorithms and Architectures,conference,,SPAA,,B,第七版（2026年）,C,云南财经大学,2026
ACM Symposium on Principles of Distributed Computing,conference,,PODC,,B,第七版（2026年）,C,云南财经大学,2026
ACM/SIGDA International Symposium on Field-Programmable Gate Arrays,conference,,FPGA,,B,第七版（2026年）,C,云南财经大学,2026
The International Symposium on Code Generation and Optimization,conference,,CGO,,B,第七版（2026年）,C,云南财经大学,2026
"Design, Automation & Test in Europe",conference,,DATE,,B,第七版（2026年）,C,云南财经大学,2026
Hot Chips: A Symposium on High Performance Chips,conference,,HOT CHIPS,,B,第七版（2026年）,C,云南财经大学,2026
IEEE International Conference on Cluster Computing,conference,,CLUSTER,,B,第七版（2026年）,C,云南财经大学,2026
International Conference on Computer Design,conference,,ICCD,,B,第七版（2026年）,C,云南财经大学,2026
International Conference on Computer-Aided Design,conference,,ICCAD,,B,第七版（2026年）,C,云南财经大学,2026
IEEE International Conference on Distributed Computing Systems,conference,,ICDCS,,B,第七版（2026年）,C,云南财经大学,2026
International Conference on Hardware/Software Co-design and System Synthesis,conference,,CODES+ ISSS,,B,第七版（2026年）,C,云南财经大学,2026
International Conference on High Performance and Embedded Architectures and Compilers,conference,,HiPEAC,,B,第七版（2026年）,C,云南财经大学,2026
International Conference on Measurement and Modeling of Computer Systems,conference,,SIG- METRICS,,B,第七版（2026年）,C,云南财经大学,2026
International Conference on Parallel Architectures and Compilation Techniques,conference,,PACT,,B,第七版（2026年）,C,云南财经大学,2026
International Conference on Parallel Processing,conference,,ICPP,,B,第七版（2026年）,C,云南财经大学,2026
International Conference on Supercomputing,conference,,ICS,,B,第七版（2026年）,C,云南财经大学,2026
International Conference on Virtual Execution Environments,conference,,VEE,,B,第七版（2026年）,C,云南财经大学,2026
IEEE International Parallel & Distributed Processing Symposium,conference,,IPDPS,,B,第七版（2026年）,C,云南财经大学,2026
"International Symposium on Computer Performance, Modeling, Measurements and Evaluation",conference,,Performance,,B,第七版（2026年）,C,云南财经大学,2026
International Test Conference,conference,,ITC,,B,第七版（2026年）,C,云南财经大学,2026
Large Installation System Administration Conference,conference,,LISA,,B,第七版（2026年）,C,云南财经大学,2026
Mass Storage Systems and Technologies,conference,,MSST,,B,第七版（2026年）,C,云南财经大学,2026
IEEE Real-Time and Embedded Technology and Applications Symposium,conference,,RTAS,,B,第七版（2026年）,C,云南财经大学,2026
European Conference on Parallel and Distributed Computing Springer,conference,,Euro-Par,,B,第七版（2026年）,C,云南财经大学,2026
IEEE International Symposium on Circuits and Systems,conference,,ISCAS,,B,第七版（2026年）,C,云南财经大学,2026
ACM International Conference on Computing Frontiers,conference,,CF,,C,第七版（2026年）,D,云南财经大学,2026
ACM International Systems and Storage Conference,conference,,SYSTOR,,C,第七版（2026年）,D,云南财经大学,2026
ACM/IEEE International Symposium on Networks-on-Chip,conference,,NOCS,,C,第七版（2026年）,D,云南财经大学,2026
"IEEE International Conference on Application-Specific Systems, Architectures, and Processors",conference,,ASAP,,C,第七版（2026年）,D,云南财经大学,2026
Asia and South Pacific Design Automation Conference,conference,,ASP-DAC,,C,第七版（2026年）,D,云南财经大学,2026
IEEE European Test Symposium,conference,,ETS,,C,第七版（2026年）,D,云南财经大学,2026
International Conference on Field-Programmable Logic and Applications,conference,,FPL,,C,第七版（2026年）,D,云南财经大学,2026
IEEE Symposium on Field-Programmable Custom Computing Machines,conference,,FCCM,,C,第七版（2026年）,D,云南财经大学,2026
Great Lakes Symposium on VLSI,conference,,GLSVLSI,,C,第七版（2026年）,D,云南财经大学,2026
IEEE Asian Test Symposium,conference,,ATS,,C,第七版（2026年）,D,云南财经大学,2026
IEEE International Conference on High Performance Computing and Communications,conference,,HPCC,,C,第七版（2026年）,D,云南财经大学,2026
"IEEE International Conference on High Performance Computing, Data and Analytics",conference,,HiPC,,C,第七版（2026年）,D,云南财经大学,2026
"International Symposium on Modeling, Analysis, and Simulation of Computer and Telecommunication Systems",conference,,MASCOTS,,C,第七版（2026年）,D,云南财经大学,2026
IEEE International Symposium on Parallel and Distributed Processing with Applications,conference,,ISPA,,C,第七版（2026年）,D,云南财经大学,2026
"IEEE/ACM International Symposium on Cluster, Cloud and Grid Computing",conference,,CCGRID,,C,第七版（2026年）,D,云南财经大学,2026
IFIP International Conference on Network and Parallel Computing,conference,,NPC,,C,第七版（2026年）,D,云南财经大学,2026
International Conference on Algorithms and Architectures for Parallel Processing,conference,,ICA3PP,,C,第七版（2026年）,D,云南财经大学,2026
"International Conference on Compilers, Architectures, and Synthesis for Embedded Systems",conference,,CASES,,C,第七版（2026年）,D,云南财经大学,2026
International Conference on Field-Programmable Technology,conference,,FPT,,C,第七版（2026年）,D,云南财经大学,2026
International Conference on Parallel and Distributed Systems,conference,,ICPADS,,C,第七版（2026年）,D,云南财经大学,2026
International Symposium on Low Power Electronics and Design,conference,,ISLPED,,C,第七版（2026年）,D,云南财经大学,2026
International Symposium on Physical Design,conference,,ISPD,,C,第七版（2026年）,D,云南财经大学,2026
IEEE Symposium on High-Performance Interconnects,conference,,HOTI,,C,第七版（2026年）,D,云南财经大学,2026
IEEE VLSI Test Symposium,conference,,VTS,,C,第七版（2026年）,D,云南财经大学,2026
International Test Conference in Asia,conference,,ITC-Asia,,C,第七版（2026年）,D,云南财经大学,2026
ACM/IEEE Symposium on Edge Computing,conference,,,,C,第七版（2026年）,D,云南财经大学,2026
"International Conference on Networking, Architecture and Storages",conference,,NAS,,C,第七版（2026年）,D,云南财经大学,2026
HotStorage,conference,,HotStorage,,C,第七版（2026年）,D,云南财经大学,2026
International Symposium on Advanced Parallel Processing Technology,conference,,APPT,,C,第七版（2026年）,D,云南财经大学,2026
International Conference on JointCloud Computing,conference,,JCC,,C,第七版（2026年）,D,云南财经大学,2026
IEEE Journal on Selected Areas in Communications,journal,IEEE Journal on Selected Areas in Communications,JSAC,0733-8716,A,第七版（2026年）,A,云南财经大学,2026
IEEE Transactions on Mobile Computing,journal,IEEE Transactions on Mobile Computing,TMC,1536-1233,A,第七版（2026年）,A,云南财经大学,2026
IEEE Transactions on Networking （原 IEEE/ACM Transactions on Networking）,journal,,TON,,A,第七版（2026年）,C,云南财经大学,2026
ACM Transactions on Internet Technology,journal,ACM Transactions on Internet Technology,TOIT,1533-5399,B,第七版（2026年）,B,云南财经大学,2026
"ACM Transactions on Multimedia Computing, Communications and Applications",journal,ACM Transactions on Multimedia Computing Communications and Applications,TOMM,1551-6857,B,第七版（2026年）,B,云南财经大学,2026
ACM Transactions on Sensor Networks,journal,,TOSN,,B,第七版（2026年）,C,云南财经大学,2026
Computer Networks,journal,Computer Networks,CN,1389-1286,B,第七版（2026年）,B,云南财经大学,2026
IEEE Transactions on Communications,journal,IEEE Transactions on Communications,TCOM,0090-6778,B,第七版（2026年）,B,云南财经大学,2026
IEEE Transactions on Wireless Communications,journal,IEEE Transactions on Wireless Communications,TWC,1536-1276,B,第七版（2026年）,B,云南财经大学,2026
Ad Hoc Networks,journal,Ad Hoc Networks,,1570-8705,C,第七版（2026年）,B,云南财经大学,2026
Computer Communications,journal,Computer Communications,,0140-3664,C,第七版（2026年）,B,云南财经大学,2026
IEEE Transactions on Network and Service Management,journal,IEEE Transactions on Network and Service Management,TNSM,1932-4537,C,第七版（2026年）,B,云南财经大学,2026
IET Communications,journal,,,,C,第七版（2026年）,D,云南财经大学,2026
Journal of Network and Computer Applications,journal,Journal of Network and Computer Applications,JNCA,1084-8045,C,第七版（2026年）,B,云南财经大学,2026
Mobile Networks and Applications,journal,,MONET,,C,第七版（2026年）,D,云南财经大学,2026
Networks,journal,,,,C,第七版（2026年）,D,云南财经大学,2026
Peer-to-Peer Networking and Applications,journal,,PPNA,,C,第七版（2026年）,D,云南财经大学,2026
Wireless Communications and Mobile Computing,journal,,WCMC,,C,第七版（2026年）,D,云南财经大学,2026
Wireless Networks,journal,,,,C,第七版（2026年）,D,云南财经大学,2026
IEEE Internet of Things Journal,journal,IEEE Internet of Things Journal,IOT,2327-4662,C,第七版（2026年）,A,云南财经大学,2026
ACM Transactions on Internet of Things,journal,,TIOT,,C,第七版（2026年）,D,云南财经大学,2026
"ACM International Conference on Applications, Technologies, Architectures, and Protocols for Computer Communication",conference,,SIGCOMM,,A,第七版（2026年）,C,云南财经大学,2026
ACM International Conference on Mobile Computing and Networking,conference,,MobiCom,,A,第七版（2026年）,C,云南财经大学,2026
IEEE International Conference on Computer Communications,conference,,INFOCOM,,A,第七版（2026年）,C,云南财经大学,2026
Symposium on Network System Design and Implementation,conference,,NSDI,,A,第七版（2026年）,C,云南财经大学,2026
ACM Conference on Embedded Networked Sensor Systems,conference,,SenSys,,B,第七版（2026年）,C,云南财经大学,2026
ACM International Conference on Emerging Networking Experiments and Technologies,conference,,CoNEXT,,B,第七版（2026年）,C,云南财经大学,2026
"IEEE International Conference on Sensing, Communication, and Networking",conference,,SECON,,B,第七版（2026年）,C,云南财经大学,2026
International Conference on Information Processing in Sensor Networks,conference,,IPSN,,B,第七版（2026年）,C,云南财经大学,2026
"ACM International Conference on Mobile Systems, Applications, and Services",conference,,MobiSys,,B,第七版（2026年）,C,云南财经大学,2026
IEEE International Conference on Network Protocols,conference,,ICNP,,B,第七版（2026年）,C,云南财经大学,2026
"International Symposium on Theory, Algorithmic Foundations, and Protocol Design for Mobile Networks and Mobile Computing",conference,,MobiHoc,,B,第七版（2026年）,C,云南财经大学,2026
International Workshop on Network and Operating System Support for Digital Audio and Video,conference,,NOSSDAV,,B,第七版（2026年）,C,云南财经大学,2026
IEEE/ACM International Workshop on Quality of Service,conference,,IWQoS,,B,第七版（2026年）,C,云南财经大学,2026
ACM Internet Measurement Conference,conference,,IMC,,B,第七版（2026年）,C,云南财经大学,2026
ACM/IEEE Symposium on Architectures for Networking and Communication Systems,conference,,ANCS,,C,第七版（2026年）,D,云南财经大学,2026
Asia-Pacific Network Operations and Management Symposium,conference,,APNOMS,,C,第七版（2026年）,D,云南财经大学,2026
"International Conference on Formal Techniques for Distributed Objects, Components, and Systems",conference,,FORTE,,C,第七版（2026年）,D,云南财经大学,2026
IEEE Conference on Local Computer Networks,conference,,LCN,,C,第七版（2026年）,D,云南财经大学,2026
IEEE Global Communications Conference,conference,,GLOBECOM,,C,第七版（2026年）,D,云南财经大学,2026
IEEE International Conference on Communications,conference,,ICC,,C,第七版（2026年）,D,云南财经大学,2026
IEEE International Conference on Computer Communications and Networks,conference,,ICCCN,,C,第七版（2026年）,D,云南财经大学,2026
IEEE International Conference on Mobile Adhoc and Sensor Systems,conference,,MASS,,C,第七版（2026年）,D,云南财经大学,2026
IEEE International Conference on Peer-to-Peer Computing,conference,,P2P,,C,第七版（2026年）,D,云南财经大学,2026
IEEE International Performance Computing and Communications Conference,conference,,IPCCC,,C,第七版（2026年）,D,云南财经大学,2026
"IEEE International Symposium on a World of Wireless, Mobile and Multimedia Networks",conference,,WoWMoM,,C,第七版（2026年）,D,云南财经大学,2026
IEEE Symposium on Computers and Communications,conference,,ISCC,,C,第七版（2026年）,D,云南财经大学,2026
IEEE Wireless Communications and Networking Conference,conference,,WCNC,,C,第七版（2026年）,D,云南财经大学,2026
IFIP International Conferences on Networking,conference,,Networking,,C,第七版（2026年）,D,云南财经大学,2026
IFIP/IEEE International Symposium on Integrated Network Management,conference,,IM,,C,第七版（2026年）,D,云南财经大学,2026
"International Conference on Mobility, Sensing and Networking",conference,,MSN,,C,第七版（2026年）,D,云南财经大学,2026
"International Conference on Modeling, Analysis and Simulation of Wireless and Mobile Systems",conference,,MSWiM,,C,第七版（2026年）,D,云南财经大学,2026
The International Conference on Wireless Artificial Intelligent Computing Systems and Applications,conference,,WASA,,C,第七版（2026年）,D,云南财经大学,2026
ACM The Workshop on Hot Topics in Networks,conference,,HotNets,,C,第七版（2026年）,D,云南财经大学,2026
Asia-Pacific Workshop on Networking,conference,,APNet,,C,第七版（2026年）,D,云南财经大学,2026
IEEE Transactions on Dependable and Secure Computing,journal,IEEE Transactions on Dependable and Secure Computing,TDSC,1545-5971,A,第七版（2026年）,A,云南财经大学,2026
IEEE Transactions on Information Forensics and Security,journal,IEEE Transactions on Information Forensics and Security,TIFS,1556-6013,A,第七版（2026年）,权威,云南财经大学,2026
Journal of Cryptology,journal,,,,A,第七版（2026年）,C,云南财经大学,2026
ACM Transactions on Privacy and Security,journal,ACM Transactions on Privacy and Security,TOPS,2471-2566,B,第七版（2026年）,B,云南财经大学,2026
Computers & Security,journal,Computers & Security,,0167-4048,B,第七版（2026年）,B,云南财经大学,2026
"Designs, Codes and Cryptography",journal,,,,B,第七版（2026年）,C,云南财经大学,2026
Journal of Computer Security,journal,,JCS,,B,第七版（2026年）,C,云南财经大学,2026
Cybersecurity,journal,,Cybersecurity,,B,第七版（2026年）,C,云南财经大学,2026
Computer Law & Security Review,journal,,CLSR,,C,第七版（2026年）,D,云南财经大学,2026
EURASIP Journal on Information Security,journal,,,,C,第七版（2026年）,D,云南财经大学,2026
IET Information Security,journal,,,,C,第七版（2026年）,D,云南财经大学,2026
Information and Computer Security,journal,,IMCS,,C,第七版（2026年）,D,云南财经大学,2026
International Journal of Information and Computer Security,journal,,IJICS,,C,第七版（2026年）,D,云南财经大学,2026
International Journal of Information Security and Privacy,journal,,IJISP,,C,第七版（2026年）,D,云南财经大学,2026
Journal of Information Security and Applications,journal,,JISA,,C,第七版（2026年）,D,云南财经大学,2026
Security and Communication Networks,journal,,SCN,,C,第七版（2026年）,D,云南财经大学,2026
High-Confidence Computing,journal,,HCC,,C,第七版（2026年）,D,云南财经大学,2026
ACM Conference on Computer and Communications Security,conference,,CCS,,A,第七版（2026年）,C,云南财经大学,2026
International Conference on the Theory and Applications of Cryptographic Techniques,conference,,EUROCRYPT,,A,第七版（2026年）,C,云南财经大学,2026
IEEE Symposium on Security and Privacy,conference,,S&P,,A,第七版（2026年）,C,云南财经大学,2026
International Cryptology Conference,conference,,CRYPTO,,A,第七版（2026年）,C,云南财经大学,2026
USENIX Security Symposium,conference,USENIX Security Symposium,USENIX Security|USENIXSecurity,,A,第七版（2026年）,B,云南财经大学,2026
Network and Distributed System Security Symposium,conference,,NDSS,,A,第七版（2026年）,C,云南财经大学,2026
Annual Computer Security Applications Conference,conference,,ACSAC,,B,第七版（2026年）,C,云南财经大学,2026
Annual International Conference on the Theory and Application of Cryptology and Information Security,conference,,ASIACRYPT,,B,第七版（2026年）,C,云南财经大学,2026
European Symposium on Research in Computer Security,conference,,ESORICS,,B,第七版（2026年）,C,云南财经大学,2026
Fast Software Encryption,conference,,,,B,第七版（2026年）,C,云南财经大学,2026
IEEE Computer Security Foundations Workshop,conference,,CSFW,,B,第七版（2026年）,C,云南财经大学,2026
IEEE International Symposium on Reliable Distributed Systems,conference,,SRDS,,B,第七版（2026年）,C,云南财经大学,2026
International Conference on Cryptographic Hardware and Embedded Systems,conference,,CHES,,B,第七版（2026年）,C,云南财经大学,2026
International Conference on Dependable Systems and Networks,conference,,DSN,,B,第七版（2026年）,C,云南财经大学,2026
International Symposium on Recent Advances in Intrusion Detection,conference,,RAID,,B,第七版（2026年）,C,云南财经大学,2026
International Workshop on Practice and Theory in Public Key Cryptography,conference,,PKC,,B,第七版（2026年）,C,云南财经大学,2026
Theory of Cryptography Conference,conference,,,,B,第七版（2026年）,C,云南财经大学,2026
ACM Conference on Security and Privacy in Wireless and Mobile Networks,conference,,WiSec,,C,第七版（2026年）,D,云南财经大学,2026
ACM Symposium on Access Control Models and Technologies,conference,,SACMAT,,C,第七版（2026年）,D,云南财经大学,2026
ACM Workshop on Digital Rights Management,conference,,DRM,,C,第七版（2026年）,D,云南财经大学,2026
ACM Workshop on Information Hiding and Multimedia Security,conference,,IH&MMSec,,C,第七版（2026年）,D,云南财经大学,2026
International Conference on Applied Cryptography and Network Security,conference,,ACNS,,C,第七版（2026年）,D,云南财经大学,2026
ACM Asia Conference on Computer and Communications Security,conference,,AsiaCCS,,C,第七版（2026年）,D,云南财经大学,2026
Australasia Conference on Information Security and Privacy,conference,,ACISP,,C,第七版（2026年）,D,云南财经大学,2026
The Cryptographer's Track at RSA Conference,conference,,CT-RSA,,C,第七版（2026年）,D,云南财经大学,2026
Conference on Detection of Intrusions and Malware & Vulnerability Assessment,conference,,DIMVA,,C,第七版（2026年）,D,云南财经大学,2026
Digital Forensic Research Workshop,conference,,DFRWS,,C,第七版（2026年）,D,云南财经大学,2026
Financial Cryptography and Data Security,conference,,FC,,C,第七版（2026年）,D,云南财经大学,2026
"IEEE International Conference on Trust, Security and Privacy in Computing and Communications",conference,,TrustCom,,C,第七版（2026年）,D,云南财经大学,2026
IFIP International Information Security Conference,conference,,,,C,第七版（2026年）,D,云南财经大学,2026
IFIP Working Group 11.9 International Conference on Digital Forensics,conference,,IFIP WG 11.9,,C,第七版（2026年）,D,云南财经大学,2026
Information Security Conference,conference,,ISC,,C,第七版（2026年）,D,云南财经大学,2026
International Conference on Digital Forensics & Cyber Crime,conference,,ICDF2C,,C,第七版（2026年）,D,云南财经大学,2026
International Conference on Information and Communications Security,conference,,ICICS,,C,第七版（2026年）,D,云南财经大学,2026
International Conference on Security and Privacy in Communication Networks,conference,,SecureComm,,C,第七版（2026年）,D,云南财经大学,2026
New Security Paradigms Workshop,conference,,NSPW,,C,第七版（2026年）,D,云南财经大学,2026
Passive and Active Measurement Conference,conference,,PAM,,C,第七版（2026年）,D,云南财经大学,2026
Privacy Enhancing Technologies Symposium,conference,,PETS,,C,第七版（2026年）,D,云南财经大学,2026
Selected Areas in Cryptography,conference,,SAC,,C,第七版（2026年）,D,云南财经大学,2026
Symposium On Usable Privacy and Security,conference,,SOUPS,,C,第七版（2026年）,D,云南财经大学,2026
USENIX Workshop on Hot Topics in Security,conference,,HotSec,,C,第七版（2026年）,D,云南财经大学,2026
IEEE European Symposium on Security and Privacy,conference,,EuroS&P,,C,第七版（2026年）,D,云南财经大学,2026
International Conference on Information Security and Cryptology,conference,,Inscrypt,,C,第七版（2026年）,D,云南财经大学,2026
Conference on Data and Application Security and Privacy,conference,,CODASPY,,C,第七版（2026年）,D,云南财经大学,2026
"International Conference on Blockchain, Artificial Intelligence, and Trustworthy Systems",conference,,BlockSys,,C,第七版（2026年）,D,云南财经大学,2026
International Conference on Cyber Security and Cloud Computing,conference,,CSCloud,,C,第七版（2026年）,D,云南财经大学,2026
ACM Transactions on Programming Languages and Systems,journal,,TOPLAS,,A,第七版（2026年）,C,云南财经大学,2026
ACM Transactions on Software Engineering and Methodology,journal,,TOSEM,,A,第七版（2026年）,C,云南财经大学,2026
IEEE Transactions on Software Engineering,journal,,TSE,,A,第七版（2026年）,C,云南财经大学,2026
IEEE Transactions on Services Computing,journal,IEEE Transactions on Services Computing,TSC,1939-1374,A,第七版（2026年）,A,云南财经大学,2026
Automated Software Engineering,journal,,,,B,第七版（2026年）,C,云南财经大学,2026
Empirical Software Engineering,journal,Empirical Software Engineering,ESE,1382-3256,B,第七版（2026年）,B,云南财经大学,2026
IET Software,journal,,IETS,,B,第七版（2026年）,C,云南财经大学,2026
Information and Software Technology,journal,Information and Software Technology,IST,0950-5849,B,第七版（2026年）,A,云南财经大学,2026
Journal of Functional Programming,journal,,JFP,,B,第七版（2026年）,C,云南财经大学,2026
Journal of Software: Evolution and Process,journal,Journal of Software: Evolution and Process,,2047-7481,B,第七版（2026年）,B,云南财经大学,2026
Journal of Systems and Software,journal,Journal of Systems and Software,JSS,0164-1212,B,第七版（2026年）,B,云南财经大学,2026
Requirements Engineering,journal,,,,B,第七版（2026年）,C,云南财经大学,2026
Science of Computer Programming,journal,,SCP,,B,第七版（2026年）,C,云南财经大学,2026
Software and Systems Modeling,journal,Software and Systems Modeling,SoSyM,1619-1366,B,第七版（2026年）,B,云南财经大学,2026
"Software Testing, Verification and Reliability",journal,,STVR,,B,第七版（2026年）,C,云南财经大学,2026
Software: Practice and Experience,journal,,SPE,,B,第七版（2026年）,C,云南财经大学,2026
"Computer Languages, Systems and Structures",journal,,CL,,C,第七版（2026年）,D,云南财经大学,2026
International Journal of Software Engineering and Knowledge Engineering,journal,,IJSEKE,,C,第七版（2026年）,D,云南财经大学,2026
International Journal of Software Tools for Technology Transfer,journal,,STTT,,C,第七版（2026年）,D,云南财经大学,2026
Journal of Logical and Algebraic Methods in Programming,journal,,JLAMP,,C,第七版（2026年）,D,云南财经大学,2026
Journal of Web Engineering,journal,,JWE,,C,第七版（2026年）,D,云南财经大学,2026
Service Oriented Computing and Applications,journal,,SOCA,,C,第七版（2026年）,D,云南财经大学,2026
Software Quality Journal,journal,,SQJ,,C,第七版（2026年）,D,云南财经大学,2026
Theory and Practice of Logic Programming,journal,,TPLP,,C,第七版（2026年）,D,云南财经大学,2026
Proceedings of the ACM on Programming Languages,journal,,PACM PL,,C,第七版（2026年）,D,云南财经大学,2026
ACM SIGPLAN Conference on Programming Language Design and Implementation,conference,,PLDI,,A,第七版（2026年）,C,云南财经大学,2026
ACM SIGPLAN-SIGACT Symposium on Principles of Programming Languages,conference,,POPL,,A,第七版（2026年）,C,云南财经大学,2026
ACM International Conference on the Foundations of Software Engineering,conference,,,,A,第七版（2026年）,C,云南财经大学,2026
ACM Symposium on Operating Systems Principles,conference,,SOSP,,A,第七版（2026年）,C,云南财经大学,2026
"Conference on Object-Oriented Programming Systems, Languages, and Applications",conference,,OOPSLA,,A,第七版（2026年）,C,云南财经大学,2026
International Conference on Automated Software Engineering,conference,,,,A,第七版（2026年）,C,云南财经大学,2026
International Conference on Software Engineering,conference,,ICSE,,A,第七版（2026年）,C,云南财经大学,2026
International Symposium on Software Testing and Analysis,conference,,ISSTA,,A,第七版（2026年）,C,云南财经大学,2026
USENIX Symposium on Operating Systems Design and Implementation,conference,,OSDI,,A,第七版（2026年）,C,云南财经大学,2026
International Symposium on Formal Methods,conference,,FM,,A,第七版（2026年）,C,云南财经大学,2026
European Conference on Object-Oriented Programming,conference,,ECOOP,,B,第七版（2026年）,C,云南财经大学,2026
European Joint Conferences on Theory and Practice of Software,conference,,ETAPS,,B,第七版（2026年）,C,云南财经大学,2026
IEEE International Conference on Program Comprehension,conference,,ICPC,,B,第七版（2026年）,C,云南财经大学,2026
IEEE International Requirements Engineering Conference,conference,,,,B,第七版（2026年）,C,云南财经大学,2026
International Conference on Advanced Information Systems Engineering,conference,,CAiSE,,B,第七版（2026年）,C,云南财经大学,2026
ACM SIGPLAN International Conference on Function Programming,conference,,ICFP,,B,第七版（2026年）,C,云南财经大学,2026
"ACM SIGPLAN/SIGBED International Conference on Languages, Compilers and Tools for Embedded Systems",conference,,LCTES,,B,第七版（2026年）,C,云南财经大学,2026
ACM/IEEE International Conference on Model Driven EngineeringLanguages and Systems,conference,,MoDELS,,B,第七版（2026年）,C,云南财经大学,2026
International Conference on Principles and Practice of Constraint Programming,conference,,CP,,B,第七版（2026年）,C,云南财经大学,2026
International Conference on Service Oriented Computing,conference,,ICSOC,,B,第七版（2026年）,C,云南财经大学,2026
"IEEE International Conference on Software Analysis, Evolution, and Reengineering",conference,,SANER,,B,第七版（2026年）,C,云南财经大学,2026
International Conference on Software Maintenance and Evolution,conference,,ICSME,,B,第七版（2026年）,C,云南财经大学,2026
"International Conference on Verification, Model Checking and Abstract Interpretation",conference,,VMCAI,,B,第七版（2026年）,C,云南财经大学,2026
IEEE International Conference on Web Services,conference,,ICWS,,B,第七版（2026年）,C,云南财经大学,2026
International Middleware Conference,conference,,Middleware,,B,第七版（2026年）,C,云南财经大学,2026
International Static Analysis Symposium,conference,,SAS,,B,第七版（2026年）,C,云南财经大学,2026
International Symposium on Empirical Software Engineering and Measurement,conference,,ESEM,,B,第七版（2026年）,C,云南财经大学,2026
IEEE International Symposium on Software Reliability Engineering,conference,,ISSRE,,B,第七版（2026年）,C,云南财经大学,2026
USENIX Workshop on Hot Topics in Operating Systems,conference,,HotOS,,B,第七版（2026年）,C,云南财经大学,2026
International Conference on Compiler Construction,conference,,,,B,第七版（2026年）,C,云南财经大学,2026
ACM SIGPLAN Workshop on Partial Evaluation and Program Manipulation,conference,,PEPM,,C,第七版（2026年）,D,云南财经大学,2026
ACMSIGPLAN-SIGSOFT Workshop on Program Analysis for Software Tools and Engineering,conference,,PASTE,,C,第七版（2026年）,D,云南财经大学,2026
Asian Symposium on Programming Languages and Systems,conference,,APLAS,,C,第七版（2026年）,D,云南财经大学,2026
Asia-Pacific Software Engineering Conference,conference,,APSEC,,C,第七版（2026年）,D,云南财经大学,2026
International Conference on Evaluation and Assessment in Software Engineering,conference,,EASE,,C,第七版（2026年）,D,云南财经大学,2026
International Conference on Engineering of Complex Computer Systems,conference,,ICECCS,,C,第七版（2026年）,D,云南财经大学,2026
"IEEE International Conference on Software Testing, Verification and Validation",conference,,ICST,,C,第七版（2026年）,D,云南财经大学,2026
IEEE International Symposium on Performance Analysis of Systems and Software,conference,,ISPASS,,C,第七版（2026年）,D,云南财经大学,2026
IEEE International Working Conference on Source Code Analysis and Manipulation,conference,,SCAM,,C,第七版（2026年）,D,云南财经大学,2026
International Computer Software and Applications Conference,conference,,COMPSAC,,C,第七版（2026年）,D,云南财经大学,2026
International Conference on Formal Engineering Methods,conference,,ICFEM,,C,第七版（2026年）,D,云南财经大学,2026
IEEE International Conference on Software Services Engineering,conference,,SSE,,C,第七版（2026年）,D,云南财经大学,2026
International Conference on Software and System Process,conference,,ICSSP,,C,第七版（2026年）,D,云南财经大学,2026
International Conference on Software Engineering and Knowledge Engineering,conference,,SEKE,,C,第七版（2026年）,D,云南财经大学,2026
"International Conference on Software Quality, Reliability and Security",conference,,QRS,,C,第七版（2026年）,D,云南财经大学,2026
International Conference on Software Reuse,conference,,ICSR,,C,第七版（2026年）,D,云南财经大学,2026
International Conference on Web Engineering,conference,,ICWE,,C,第七版（2026年）,D,云南财经大学,2026
International Symposium on Model Checking of Software,conference,,SPIN,,C,第七版（2026年）,D,云南财经大学,2026
International Symposium on Automated Technology for Verification and Analysis,conference,,ATVA,,C,第七版（2026年）,D,云南财经大学,2026
International Symposium on Logic-based Program Synthesis and Transformation,conference,,LOPSTR,,C,第七版（2026年）,D,云南财经大学,2026
Theoretical Aspects of Software Engineering Conference,conference,,TASE,,C,第七版（2026年）,D,云南财经大学,2026
Mining Software Repositories,conference,,MSR,,C,第七版（2026年）,D,云南财经大学,2026
Requirements Engineering: Foundation for Software Quality,conference,,REFSQ,,C,第七版（2026年）,D,云南财经大学,2026
Working IEEE/IFIP Conference on Software Architecture,conference,,WICSA,,C,第七版（2026年）,D,云南财经大学,2026
Asia-Pacific Symposium on Internetware,conference,,Internetware,,C,第七版（2026年）,D,云南财经大学,2026
International Conference on Runtime Verification,conference,,RV,,C,第七版（2026年）,D,云南财经大学,2026
International Conference on Formal Methods and Models for Co-Design,conference,,MEMOCODE,,C,第七版（2026年）,D,云南财经大学,2026
ACM Transactions on Database Systems,journal,,TODS,,A,第七版（2026年）,C,云南财经大学,2026
ACM Transactions on Information Systems,journal,ACM Transactions on Information Systems,TOIS,1046-8188,A,第七版（2026年）,A,云南财经大学,2026
IEEE Transactions on Knowledge and Data Engineering,journal,IEEE Transactions on Knowledge and Data Engineering,TKDE,1041-4347,A,第七版（2026年）,权威,云南财经大学,2026
The VLDB Journal,journal,,VLDBJ,,A,第七版（2026年）,C,云南财经大学,2026
ACM Transactions on Knowledge Discovery from Data,journal,ACM Transactions on Knowledge Discovery From Data,TKDD,1556-4681,B,第七版（2026年）,A,云南财经大学,2026
ACM Transactions on the Web,journal,,TWEB,,B,第七版（2026年）,C,云南财经大学,2026
Advanced Engineering Informatics,journal,,AEI,,B,第七版（2026年）,C,云南财经大学,2026
Data & Knowledge Engineering,journal,Data & Knowledge Engineering,DKE,0169-023X,B,第七版（2026年）,B,云南财经大学,2026
Data Mining and Knowledge Discovery,journal,Data Mining and Knowledge Discovery,DMKD,1384-5810,B,第七版（2026年）,B,云南财经大学,2026
European Journal of Information Systems,journal,European Journal of Information Systems,EJIS,0960-085X,B,第七版（2026年）,A,云南财经大学,2026
GeoInformatica,journal,,,,B,第七版（2026年）,C,云南财经大学,2026
Information Processing and Management,journal,Information Processing & Management,IPM,0306-4573,B,第七版（2026年）,A,云南财经大学,2026
Information Sciences,journal,Information Sciences,,0020-0255,B,第七版（2026年）,B,云南财经大学,2026
Information Systems,journal,Information Systems,IS,0306-4379,B,第七版（2026年）,B,云南财经大学,2026
Journal of the Association for Information Science and Technology,journal,Journal of the Association for Information Science and Technology,JASIST,2330-1635,B,第七版（2026年）,A,云南财经大学,2026
Journal of Web Semantics,journal,,JWS,,B,第七版（2026年）,C,云南财经大学,2026
Knowledge and Information Systems,journal,,KAIS,,B,第七版（2026年）,C,云南财经大学,2026
Data Science and Engineering,journal,,DSE,,B,第七版（2026年）,C,云南财经大学,2026
Distributed and Parallel Databases,journal,,DPD,,C,第七版（2026年）,D,云南财经大学,2026
Information & Management,journal,Information & Management,I&M,0378-7206,C,第七版（2026年）,A,云南财经大学,2026
Information Processing Letters,journal,,IPL,,C,第七版（2026年）,D,云南财经大学,2026
Discover Computing （原 Information Retrieval Journal）,journal,,（原 IR）,,C,第七版（2026年）,D,云南财经大学,2026
International Journal of Cooperative Information Systems,journal,,IJCIS,,C,第七版（2026年）,D,云南财经大学,2026
International Journal of Geographical Information Science,journal,,IJGIS,,C,第七版（2026年）,D,云南财经大学,2026
International Journal of Intelligent Systems,journal,,IJIS,,C,第七版（2026年）,D,云南财经大学,2026
International Journal of Knowledge Management,journal,,IJKM,,C,第七版（2026年）,D,云南财经大学,2026
International Journal on Semantic Web and Information Systems,journal,,IJSWIS,,C,第七版（2026年）,D,云南财经大学,2026
Journal of Computer Information Systems,journal,Journal of Computer Information Systems,JCIS,0887-4417,C,第七版（2026年）,B,云南财经大学,2026
Journal of Database Management,journal,,JDM,,C,第七版（2026年）,D,云南财经大学,2026
Journal of Global Information Technology Management,journal,,JGITM,,C,第七版（2026年）,D,云南财经大学,2026
Journal of Intelligent Information Systems,journal,,JIIS,,C,第七版（2026年）,D,云南财经大学,2026
The Journal of Strategic Information Systems,journal,,JSIS,,C,第七版（2026年）,D,云南财经大学,2026
ACM Transactions on Intelligent Systems and Technology,journal,ACM Transactions on Intelligent Systems and Technology,TIST,2157-6904,C,第七版（2026年）,B,云南财经大学,2026
ACM Transactions on Recommender Systems,journal,,TORS,,C,第七版（2026年）,D,云南财经大学,2026
ACM SIGMOD Conference,conference,ACM SIGMOD International Conference on Management of Data|ACM Conference on Management of Data|Proceedings of the ACM SIGMOD International Conference on Management of Data,SIGMOD,,A,第七版（2026年）,C,云南财经大学,2026
ACM SIGKDD Conference on Knowledge Discovery and Data Mining,conference,ACM SIGKDD International Conference on Knowledge Discovery and Data Mining|Proceedings of the ACM SIGKDD Conference on Knowledge Discovery and Data Mining|ACM SIGKDD Conference on Knowledge Discovery and Data Mining,SIGKDD|ACMSIGKDD,,A,第七版（2026年）,B,云南财经大学,2026
IEEE International Conference on Data Engineering,conference,IEEE International Conference on Data Engineering,ICDE|IEEEICDE,,A,第七版（2026年）,B,云南财经大学,2026
International ACM SIGIR Conference on Research and Development in Information Retrieval,conference,,SIGIR,,A,第七版（2026年）,C,云南财经大学,2026
International Conference on Very Large Data Bases,conference,,VLDB,,A,第七版（2026年）,C,云南财经大学,2026
ACM International Conference on Information and Knowledge Management,conference,,CIKM,,B,第七版（2026年）,C,云南财经大学,2026
ACM International Conference on Web Search and Data Mining,conference,,WSDM,,B,第七版（2026年）,C,云南财经大学,2026
ACM SIGMOD-SIGACT-SIGAI Symposium on Principles of Database Systems,conference,,PODS,,B,第七版（2026年）,C,云南财经大学,2026
International Conference on Database Systems for Advanced Applications,conference,,DASFAA,,B,第七版（2026年）,C,云南财经大学,2026
European Conference on Machine Learning and Principles and Practice of Knowledge Discovery in Databases,conference,,ECML-PKDD,,B,第七版（2026年）,C,云南财经大学,2026
IEEE International Semantic Web Conference,conference,,ISWC,,B,第七版（2026年）,C,云南财经大学,2026
IEEE International Conference on Data Mining,conference,,ICDM,,B,第七版（2026年）,C,云南财经大学,2026
International Conference on Database Theory,conference,,ICDT,,B,第七版（2026年）,C,云南财经大学,2026
International Conference on Extending Database Technology,conference,,EDBT,,B,第七版（2026年）,C,云南财经大学,2026
Conference on Innovative Data Systems Research,conference,,CIDR,,B,第七版（2026年）,C,云南财经大学,2026
SIAM International Conference on Data Mining,conference,,SDM,,B,第七版（2026年）,C,云南财经大学,2026
ACM Conference on Recommender Systems,conference,,RecSys,,B,第七版（2026年）,C,云南财经大学,2026
Web Information Systems Engineering Conference,conference,,WISE,,B,第七版（2026年）,C,云南财经大学,2026
Asia Pacific Web Conference,conference,,APWeb,,C,第七版（2026年）,D,云南财经大学,2026
International Conference on Database and Expert System Applications,conference,,DEXA,,C,第七版（2026年）,D,云南财经大学,2026
European Conference on Information Retrieval,conference,,ECIR,,C,第七版（2026年）,D,云南财经大学,2026
Extended Semantic Web Conference,conference,,ESWC,,C,第七版（2026年）,D,云南财经大学,2026
International Workshop on Web and Databases,conference,,WebDB,,C,第七版（2026年）,D,云南财经大学,2026
International Conference on Conceptual Modeling,conference,,ER,,C,第七版（2026年）,D,云南财经大学,2026
International Conference on Mobile Data Management,conference,,MDM,,C,第七版（2026年）,D,云南财经大学,2026
International Conference on Scientific and Statistical Database Management,conference,,SSDBM,,C,第七版（2026年）,D,云南财经大学,2026
International Conference on Web Age Information Management,conference,,WAIM,,C,第七版（2026年）,D,云南财经大学,2026
International Symposium on Spatial and Temporal Databases,conference,,SSTD,,C,第七版（2026年）,D,云南财经大学,2026
Pacific-Asia Conference on Knowledge Discovery and Data Mining,conference,,PAKDD,,C,第七版（2026年）,D,云南财经大学,2026
International Conference on Advanced Data Mining and Applications,conference,,ADMA,,C,第七版（2026年）,D,云南财经大学,2026
Web Information Systems and Applications,conference,,WISA,,C,第七版（2026年）,D,云南财经大学,2026
IEEE Transactions on Information Theory,journal,IEEE Transactions on Information Theory,TIT,0018-9448,A,第七版（2026年）,A,云南财经大学,2026
Information and Computation,journal,,IANDC,,A,第七版（2026年）,C,云南财经大学,2026
SIAM Journal on Computing,journal,,SICOMP,,A,第七版（2026年）,C,云南财经大学,2026
ACM Transactions on Algorithms,journal,,TALG,,B,第七版（2026年）,C,云南财经大学,2026
ACM Transactions on Computational Logic,journal,,TOCL,,B,第七版（2026年）,C,云南财经大学,2026
ACM Transactions on Mathematical Software,journal,,TOMS,,B,第七版（2026年）,C,云南财经大学,2026
Algorithmica,journal,,Algorithmica,,B,第七版（2026年）,C,云南财经大学,2026
Computational Complexity,journal,,,,B,第七版（2026年）,C,云南财经大学,2026
Formal Aspects of Computing,journal,,FAC,,B,第七版（2026年）,C,云南财经大学,2026
Formal Methods in System Design,journal,,FMSD,,B,第七版（2026年）,C,云南财经大学,2026
INFORMS Journal on Computing,journal,Informs Journal on Computing,INFORMS,1091-9856,B,第七版（2026年）,权威,云南财经大学,2026
Journal of Computer and System Sciences,journal,Journal of Computer and System Sciences,JCSS,0022-0000,B,第七版（2026年）,B,云南财经大学,2026
Journal of Global Optimization,journal,Journal of Global Optimization,JGO,0925-5001,B,第七版（2026年）,B,云南财经大学,2026
Journal of Symbolic Computation,journal,,JSC,,B,第七版（2026年）,C,云南财经大学,2026
Mathematical Structures in Computer Science,journal,,MSCS,,B,第七版（2026年）,C,云南财经大学,2026
Theoretical Computer Science,journal,Theoretical Computer Science,TCS,0304-3975,B,第七版（2026年）,B,云南财经大学,2026
Acta Informatica,journal,,ACTA,,C,第七版（2026年）,D,云南财经大学,2026
Annals of Pure and Applied Logic,journal,,APAL,,C,第七版（2026年）,D,云南财经大学,2026
Discrete Applied Mathematics,journal,Discrete Applied Mathematics,DAM,0166-218X,C,第七版（2026年）,B,云南财经大学,2026
Fundamenta Informaticae,journal,,FUIN,,C,第七版（2026年）,D,云南财经大学,2026
Journal of Complexity,journal,Journal of Complexity,JCOMPLEXI TY,0885-064X,C,第七版（2026年）,B,云南财经大学,2026
Journal of Logic and Computation,journal,,LOGCOM,,C,第七版（2026年）,D,云南财经大学,2026
The Journal of Symbolic Logic,journal,,JSL,,C,第七版（2026年）,D,云南财经大学,2026
Logical Methods in Computer Science,journal,,LMCS,,C,第七版（2026年）,D,云南财经大学,2026
SIAM Journal on Discrete Mathematics,journal,SIAM Journal on Discrete Mathematics,SIDMA,0895-4801,C,第七版（2026年）,B,云南财经大学,2026
Theory of Computing Systems,journal,,,,C,第七版（2026年）,D,云南财经大学,2026
ACM Transactions in Quantum Computing,journal,,TQC,,C,第七版（2026年）,D,云南财经大学,2026
ACM Symposium on the Theory of Computing,conference,,STOC,,A,第七版（2026年）,C,云南财经大学,2026
ACM-SIAM Symposium on Discrete Algorithms,conference,,SODA,,A,第七版（2026年）,C,云南财经大学,2026
International Conference on Computer Aided Verification,conference,,CAV,,A,第七版（2026年）,C,云南财经大学,2026
IEEE Annual Symposium on Foundations of Computer Science,conference,,FOCS,,A,第七版（2026年）,C,云南财经大学,2026
ACM/IEEE Symposium on Logic in Computer Science,conference,,LICS,,A,第七版（2026年）,C,云南财经大学,2026
International Symposium on Computational Geometry,conference,,SoCG,,B,第七版（2026年）,C,云南财经大学,2026
European Symposium on Algorithms,conference,,ESA,,B,第七版（2026年）,C,云南财经大学,2026
Conference on Computational Complexity,conference,,CCC,,B,第七版（2026年）,C,云南财经大学,2026
"International Colloquium on Automata, Languages and Programming",conference,,ICALP,,B,第七版（2026年）,C,云南财经大学,2026
Conference on Automated Deduction,conference,,CADE,,B,第七版（2026年）,C,云南财经大学,2026
International Conference on Concurrency Theory,conference,,CONCUR,,B,第七版（2026年）,C,云南财经大学,2026
International Conference on Hybrid Systems: Computation and Control,conference,,HSCC,,B,第七版（2026年）,C,云南财经大学,2026
International Conference on Theory and Applications of Satisfiability Testing,conference,,SAT,,B,第七版（2026年）,C,云南财经大学,2026
International Computing and Combinatorics Conference,conference,,COCOON,,B,第七版（2026年）,C,云南财经大学,2026
Formal Methods in Computer-Aided Design,conference,,FMCAD,,B,第七版（2026年）,C,云南财经大学,2026
Computer Science Logic,conference,,CSL,,C,第七版（2026年）,D,云南财经大学,2026
Foundations of Software Technology and Theoretical Computer Science,conference,,FSTTCS,,C,第七版（2026年）,D,云南财经大学,2026
IEEE International Conference on Data Science and Advanced Analytics,conference,,DSAA,,C,第七版（2026年）,D,云南财经大学,2026
International Colloquium on Theoretical Aspects of Computing,conference,,ICTAC,,C,第七版（2026年）,D,云南财经大学,2026
International Conference on Integer Programming and Combinatorial Optimization,conference,,IPCO,,C,第七版（2026年）,D,云南财经大学,2026
International Conference on Formal Structures for Computation and Deduction,conference,,FSCD （原 RTA）,,C,第七版（2026年）,D,云南财经大学,2026
International Symposium on Algorithms and Computation,conference,,ISAAC,,C,第七版（2026年）,D,云南财经大学,2026
International Conference on Mathematical Foundations of Computer Science,conference,,MFCS,,C,第七版（2026年）,D,云南财经大学,2026
Symposium on Theoretical Aspects of Computer Science,conference,,STACS,,C,第七版（2026年）,D,云南财经大学,2026
"International Symposium on Software Engineering: Theories, Tools, and Applications",conference,,SETTA,,C,第七版（2026年）,D,云南财经大学,2026
ACM Transactions on Graphics,journal,,TOG,,A,第七版（2026年）,C,云南财经大学,2026
IEEE Transactions on Image Processing,journal,IEEE Transactions on Image Processing,TIP,1057-7149,A,第七版（2026年）,权威,云南财经大学,2026
IEEE Transactions on Visualization and Computer Graphics,journal,IEEE Transactions on Visualization and Computer Graphics,TVCG,1077-2626,A,第七版（2026年）,A,云南财经大学,2026
IEEE Transactions on Multimedia,journal,IEEE Transactions on Multimedia,TMM,1520-9210,A,第七版（2026年）,A,云南财经大学,2026
Computer Aided Geometric Design,journal,,CAGD,,B,第七版（2026年）,C,云南财经大学,2026
Computer Graphics Forum,journal,,CGF,,B,第七版（2026年）,C,云南财经大学,2026
Computer-Aided Design,journal,,CAD,,B,第七版（2026年）,C,云南财经大学,2026
IEEE Transactions on Circuits and Systems for Video Technology,journal,,TCSVT,,B,第七版（2026年）,C,云南财经大学,2026
The Journal of the Acoustical Society of America,journal,,JASA,,B,第七版（2026年）,C,云南财经大学,2026
SIAM Journal on Imaging Sciences,journal,SIAM Journal on Imaging Sciences,SIIMS,1936-4954,B,第七版（2026年）,B,云南财经大学,2026
Speech Communication,journal,Speech Communication,SPECOM,0167-6393,B,第七版（2026年）,B,云南财经大学,2026
Computational Visual Media,journal,,CVMJ,,B,第七版（2026年）,C,云南财经大学,2026
Computational Geometry: Theory and Applications,journal,,CGTA,,C,第七版（2026年）,D,云南财经大学,2026
Computer animation & virtual worlds,journal,,CAVW,,C,第七版（2026年）,D,云南财经大学,2026
Computers & Graphics,journal,,C&G,,C,第七版（2026年）,D,云南财经大学,2026
Discrete & Computational Geometry,journal,,DCG,,C,第七版（2026年）,D,云南财经大学,2026
IEEE Signal Processing Letters,journal,,SPL,,C,第七版（2026年）,D,云南财经大学,2026
IET Image Processing,journal,,IET-IPR,,C,第七版（2026年）,D,云南财经大学,2026
Journal of Visual Communication and Image Representation,journal,,JVCIR,,C,第七版（2026年）,D,云南财经大学,2026
Multimedia Systems,journal,,MS,,C,第七版（2026年）,D,云南财经大学,2026
Multimedia Tools and Applications,journal,,MTA,,C,第七版（2026年）,D,云南财经大学,2026
Signal Processing,journal,,SIGPRO,,C,第七版（2026年）,D,云南财经大学,2026
Signal Processing: Image Communication,journal,,IMAGE,,C,第七版（2026年）,D,云南财经大学,2026
The Visual Computer,journal,,TVC,,C,第七版（2026年）,D,云南财经大学,2026
Visual Informatics,journal,,VI,,C,第七版（2026年）,D,云南财经大学,2026
Virtual Reality & Intelligent Hardware,journal,,VRIH,,C,第七版（2026年）,D,云南财经大学,2026
Graphical Models,journal,,GMOD,,C,第七版（2026年）,D,云南财经大学,2026
ACM International Conference on Multimedia,conference,ACM International Conference on Multimedia,ACM MM|ACMMM,,A,第七版（2026年）,B,云南财经大学,2026
ACM Special Interest Group on Computer Graphics,conference,,SIGGRAPH,,A,第七版（2026年）,C,云南财经大学,2026
IEEE Conference on Virtual Reality and 3D User Interfaces （原 IEEE Virtual Reality）,conference,,VR,,A,第七版（2026年）,C,云南财经大学,2026
IEEE Visualization Conference,conference,,IEEE VIS,,A,第七版（2026年）,C,云南财经大学,2026
ACM SIGMM International Conference on Multimedia Retrieval,conference,,ICMR,,B,第七版（2026年）,C,云南财经大学,2026
ACM SIGGRAPH Symposium on Interactive 3D Graphics and Games,conference,,I3D,,B,第七版（2026年）,C,云南财经大学,2026
ACM SIGGRAPH/Eurographics Symposium on Computer Animation,conference,,SCA,,B,第七版（2026年）,C,云南财经大学,2026
Data Compression Conference,conference,,DCC,,B,第七版（2026年）,C,云南财经大学,2026
Annual Conference of the European Association for Computer Graphics,conference,,Eurographics,,B,第七版（2026年）,C,云南财经大学,2026
Eurographics Conference on Visualization,conference,,EuroVis,,B,第七版（2026年）,C,云南财经大学,2026
Eurographics Symposium on Geometry Processing,conference,,SGP,,B,第七版（2026年）,C,云南财经大学,2026
Eurographics Symposium on Rendering,conference,,EGSR,,B,第七版（2026年）,C,云南财经大学,2026
"IEEE International Conference on Acoustics, Speech and Signal Processing",conference,,ICASSP,,B,第七版（2026年）,C,云南财经大学,2026
IEEE International Conference on Multimedia & Expo,conference,,ICME,,B,第七版（2026年）,C,云南财经大学,2026
International Symposium on Mixed and Augmented Reality,conference,,ISMAR,,B,第七版（2026年）,C,云南财经大学,2026
Pacific Conference onComputer Graphics and Applications,conference,,PG,,B,第七版（2026年）,C,云南财经大学,2026
Symposium on Solid and Physical Modeling,conference,,SPM,,B,第七版（2026年）,C,云南财经大学,2026
Conference of the International Speech Communication Association,conference,,INTER- SPEECH,,B,第七版（2026年）,C,云南财经大学,2026
ACM Symposium on Virtual Reality Software and Technology,conference,,VRST,,C,第七版（2026年）,D,云南财经大学,2026
"International Conference on Computer Animation, Social Agents, and Extended Reality （原 International Conference on Computer Animation and Social Agents）",conference,,CASAXR （原 CASA）,,C,第七版（2026年）,D,云南财经大学,2026
Computer Graphics International,conference,,CGI,,C,第七版（2026年）,D,云南财经大学,2026
Geometric Modeling and Processing,conference,,GMP,,C,第七版（2026年）,D,云南财经大学,2026
IEEE Pacific Visualization Symposium,conference,,PacificVis,,C,第七版（2026年）,D,云南财经大学,2026
International Conference on 3D Vision,conference,,3DV,,C,第七版（2026年）,D,云南财经大学,2026
International Conference on Computer-Aided Design and Computer Graphics Processing,conference,,CAD/Graphics,,C,第七版（2026年）,D,云南财经大学,2026
IEEE International Conference on Image Processing,conference,,ICIP,,C,第七版（2026年）,D,云南财经大学,2026
International Conference on Multimedia Modeling,conference,,MMM,,C,第七版（2026年）,D,云南财经大学,2026
ACM Multimedia Asia,conference,,MMAsia,,C,第七版（2026年）,D,云南财经大学,2026
Shape Modeling International,conference,,SMI,,C,第七版（2026年）,D,云南财经大学,2026
Computational Visual Media,conference,,CVM,,C,第七版（2026年）,D,云南财经大学,2026
Chinese Conference on Pattern Recognition and Computer Vision,conference,,PRCV,,C,第七版（2026年）,D,云南财经大学,2026
International Conference on Image and Graphics,conference,,ICIG,,C,第七版（2026年）,D,云南财经大学,2026
National Conference on Man-Machine Speech Communication,conference,,NCMMSC,,C,第七版（2026年）,D,云南财经大学,2026
Automatic Speech Recognition and Understanding Workshop,conference,,ASRU,,C,第七版（2026年）,D,云南财经大学,2026
Spoken Language Technology,conference,,SLT,,C,第七版（2026年）,D,云南财经大学,2026
Artificial Intelligence,journal,Artificial Intelligence,AI,0004-3702,A,第七版（2026年）,权威,云南财经大学,2026
IEEE Transactions on Pattern Analysis and Machine Intelligence,journal,IEEE TPAMI|IEEE Trans. Pattern Anal. Mach. Intell.|Transactions on Pattern Analysis and Machine Intelligence|IEEE Transactions on Pattern Analysis and Machine Intelligence,TPAMI,0162-8828,A,第七版（2026年）,权威,云南财经大学,2026
International Journal of Computer Vision,journal,International Journal of Computer Vision,IJCV,0920-5691,A,第七版（2026年）,权威,云南财经大学,2026
Journal of Machine Learning Research,journal,The Journal of Machine Learning Research|J. Mach. Learn. Res.|Journal of Machine Learning Research,JMLR,1532-4435,A,第七版（2026年）,权威,云南财经大学,2026
ACM Transactions on Applied Perception,journal,,TAP,,B,第七版（2026年）,C,云南财经大学,2026
Autonomous Agents and Multi-Agent Systems,journal,,,,B,第七版（2026年）,C,云南财经大学,2026
Computational Linguistics,journal,,,,B,第七版（2026年）,C,云南财经大学,2026
Computer Vision and Image Understanding,journal,Computer Vision and Image Understanding,CVIU,1077-3142,B,第七版（2026年）,B,云南财经大学,2026
Evolutionary Computation,journal,,,,B,第七版（2026年）,C,云南财经大学,2026
IEEE Transactions on Affective Computing,journal,IEEE Transactions on Affective Computing,TAC,1949-3045,B,第七版（2026年）,A,云南财经大学,2026
"IEEE Transactions on Audio, Speech and Language Processing （原 IEEE/ACM Transactions on Audio, Speech and Language Processing）",journal,,TASLP,,B,第七版（2026年）,C,云南财经大学,2026
IEEE Transactions on Cybernetics,journal,IEEE Transactions on Cybernetics,,2168-2267,B,第七版（2026年）,A,云南财经大学,2026
IEEE Transactions on Evolutionary Computation,journal,IEEE Transactions on Evolutionary Computation,TEC,1089-778X,B,第七版（2026年）,A,云南财经大学,2026
IEEE Transactions on Fuzzy Systems,journal,IEEE Transactions on Fuzzy Systems,TFS,1063-6706,B,第七版（2026年）,A,云南财经大学,2026
IEEE Transactions on Neural Networks and learning systems,journal,IEEE Transactions on Neural Networks and Learning Systems,TNNLS,2162-237X,B,第七版（2026年）,A,云南财经大学,2026
International Journal of Approximate Reasoning,journal,,IJAR,,B,第七版（2026年）,C,云南财经大学,2026
Journal of Artificial Intelligence Research,journal,,JAIR,,B,第七版（2026年）,C,云南财经大学,2026
Journal of Automated Reasoning,journal,,,,B,第七版（2026年）,C,云南财经大学,2026
"Journal of Speech, Language, and Hearing Research",journal,,JSLHR,,B,第七版（2026年）,C,云南财经大学,2026
Machine Learning,journal,MACHINE LEARNING,,0885-6125,B,第七版（2026年）,B,云南财经大学,2026
Neural Computation,journal,NEURAL COMPUTATION,,0899-7667,B,第七版（2026年）,B,云南财经大学,2026
Neural Networks,journal,Neural Networks,,0893-6080,B,第七版（2026年）,A,云南财经大学,2026
Pattern Recognition,journal,Pattern Recognition,PR,0031-3203,B,第七版（2026年）,A,云南财经大学,2026
Transactions of the Association for Computational Linguistics,journal,,TACL,,B,第七版（2026年）,C,云南财经大学,2026
ACM Transactions on Asian and Low-Resource Language Information Processing,journal,,TALLIP,,C,第七版（2026年）,D,云南财经大学,2026
Applied Intelligence,journal,APPLIED INTELLIGENCE,,0924-669X,C,第七版（2026年）,B,云南财经大学,2026
Artificial Intelligence in Medicine,journal,,AIM,,C,第七版（2026年）,D,云南财经大学,2026
Artificial Life,journal,,,,C,第七版（2026年）,D,云南财经大学,2026
Computational Intelligence,journal,,,,C,第七版（2026年）,D,云南财经大学,2026
Computer Speech & Language,journal,,,,C,第七版（2026年）,D,云南财经大学,2026
Connection Science,journal,,,,C,第七版（2026年）,D,云南财经大学,2026
Decision Support Systems,journal,Decision Support Systems,DSS,0167-9236,C,第七版（2026年）,A,云南财经大学,2026
Engineering Applications of Artificial Intelligence,journal,Engineering Applications of Artificial Intelligence,EAAI,0952-1976,C,第七版（2026年）,B,云南财经大学,2026
Expert Systems,journal,Expert Systems,,0266-4720,C,第七版（2026年）,B,云南财经大学,2026
Expert Systems with Applications,journal,Expert Systems With Applications,ESWA,0957-4174,C,第七版（2026年）,B,云南财经大学,2026
Fuzzy Sets and Systems,journal,Fuzzy Sets and Systems,,0165-0114,C,第七版（2026年）,A,云南财经大学,2026
IEEE Transactions on Games,journal,,TG,,C,第七版（2026年）,D,云南财经大学,2026
IET Computer Vision,journal,,IET-CVI,,C,第七版（2026年）,D,云南财经大学,2026
IET Signal Processing,journal,,,,C,第七版（2026年）,D,云南财经大学,2026
Image and Vision Computing,journal,Image and Vision Computing,IVC,0262-8856,C,第七版（2026年）,B,云南财经大学,2026
Intelligent Data Analysis,journal,,IDA,,C,第七版（2026年）,D,云南财经大学,2026
International Journal of Computational Intelligence and Applications,journal,,IJCIA,,C,第七版（2026年）,D,云南财经大学,2026
International Journal of Neural Systems,journal,International Journal of Neural Systems,IJNS,0129-0657,C,第七版（2026年）,B,云南财经大学,2026
International Journal of Pattern Recognition and Artificial Intelligence,journal,,IJPRAI,,C,第七版（2026年）,D,云南财经大学,2026
"International Journal of Uncertainty, Fuzziness and Knowledge-Based Systems",journal,,IJUFKS,,C,第七版（2026年）,D,云南财经大学,2026
International Journal on Document Analysis and Recognition,journal,,IJDAR,,C,第七版（2026年）,D,云南财经大学,2026
Journal of Experimental and Theoretical Artificial Intelligence,journal,,JETAI,,C,第七版（2026年）,D,云南财经大学,2026
Knowledge-Based Systems,journal,Knowledge-Based Systems,KBS,0950-7051,C,第七版（2026年）,B,云南财经大学,2026
Machine Translation,journal,,,,C,第七版（2026年）,D,云南财经大学,2026
Machine Vision and Applications,journal,,,,C,第七版（2026年）,D,云南财经大学,2026
Natural Computing,journal,,,,C,第七版（2026年）,D,云南财经大学,2026
Natural Language Engineering,journal,,NLE,,C,第七版（2026年）,D,云南财经大学,2026
Neural Computing and Applications,journal,,NCA,,C,第七版（2026年）,D,云南财经大学,2026
Neural Processing Letters,journal,,NPL,,C,第七版（2026年）,D,云南财经大学,2026
Neurocomputing,journal,Neurocomputing,,0925-2312,C,第七版（2026年）,B,云南财经大学,2026
Pattern Analysis and Applications,journal,,PAA,,C,第七版（2026年）,D,云南财经大学,2026
Pattern Recognition Letters,journal,Pattern Recognition Letters,PRL,0167-8655,C,第七版（2026年）,B,云南财经大学,2026
Soft Computing,journal,,,,C,第七版（2026年）,D,云南财经大学,2026
Web Intelligence,journal,,WI,,C,第七版（2026年）,D,云南财经大学,2026
ACM Transactions on Interactive Intelligent Systems,journal,,TIIS,,C,第七版（2026年）,D,云南财经大学,2026
ACM Transactions on Evolutionary Learning and Optimization,journal,,TELO,,C,第七版（2026年）,D,云南财经大学,2026
ACM Journal on Autonomous Transportation Systems,journal,,JATS,,C,第七版（2026年）,D,云南财经大学,2026
AAAI Conference on Artificial Intelligence,conference,Proceedings of the AAAI Conference on Artificial Intelligence|National Conference on Artificial Intelligence|AAAI Conference on Artificial Intelligence,AAAI,,A,第七版（2026年）,A,云南财经大学,2026
Conference on Neural Information Processing Systems,conference,Neural Information Processing Systems|Advances in Neural Information Processing Systems|Proceedings of the Conference on Neural Information Processing Systems,NeurIPS,,A,第七版（2026年）,A,云南财经大学,2026
Annual Meeting of the Association for Computational Linguistics,conference,,ACL,,A,第七版（2026年）,C,云南财经大学,2026
IEEE/CVF Computer Vision and Pattern Recognition Conference,conference,IEEE/CVF Conference on Computer Vision and Pattern Recognition|IEEE Conference on Computer Vision and Pattern Recognition|Proceedings of the IEEE/CVF Conference on Computer Vision and Pattern Recognition|IEEE/CVF Computer Vision and Pattern Recognition Conference,CVPR|IEEECVPR,,A,第七版（2026年）,B,云南财经大学,2026
International Conference on Computer Vision,conference,IEEE International Conference on Computer Vision|IEEE/CVF International Conference on Computer Vision|Proceedings of the IEEE/CVF International Conference on Computer Vision,ICCV,,A,第七版（2026年）,C,云南财经大学,2026
International Conference on Machine Learning,conference,Proceedings of the International Conference on Machine Learning|International Conference on Machine Learning,ICML,,A,第七版（2026年）,A,云南财经大学,2026
International Conference on Learning Representations,conference,International Conference on Learning Representations,ICLR,,A,第七版（2026年）,B,云南财经大学,2026
Annual Conference on Computational Learning Theory,conference,,COLT,,B,第七版（2026年）,C,云南财经大学,2026
Conference on Empirical Methods in Natural Language Processing,conference,Conference on Empirical Methods in Natural Language Processing,EMNLP,,B,第七版（2026年）,B,云南财经大学,2026
European Conference on Artificial Intelligence,conference,,ECAI,,B,第七版（2026年）,C,云南财经大学,2026
European Conference on Computer Vision,conference,,ECCV,,B,第七版（2026年）,C,云南财经大学,2026
IEEE International Conference on Robotics and Automation,conference,,ICRA,,B,第七版（2026年）,C,云南财经大学,2026
International Conference on Automated Planning and Scheduling,conference,,ICAPS,,B,第七版（2026年）,C,云南财经大学,2026
International Conference on Case-Based Reasoning,conference,,ICCBR,,B,第七版（2026年）,C,云南财经大学,2026
International Conference on Computational Linguistics,conference,,COLING,,B,第七版（2026年）,C,云南财经大学,2026
International Conference on Principles of Knowledge Representation and Reasoning,conference,,KR,,B,第七版（2026年）,C,云南财经大学,2026
Conference on Uncertainty in Artificial Intelligence,conference,,UAI,,B,第七版（2026年）,C,云南财经大学,2026
International Joint Conference on Autonomous Agents and Multi-agent Systems,conference,,,,B,第七版（2026年）,C,云南财经大学,2026
Parallel Problem Solving from Nature,conference,,PPSN,,B,第七版（2026年）,C,云南财经大学,2026
North American Chapter of the Association for Computational Linguistics,conference,,NAACL,,B,第七版（2026年）,C,云南财经大学,2026
International Joint Conference on Artificial Intelligence,conference,Proceedings of the International Joint Conference on Artificial Intelligence|IJCAI-ECAI|International Joint Conference on Artificial Intelligence,IJCAI,,B,第七版（2026年）,A,云南财经大学,2026
International Conference on Artificial Intelligence and Statistics,conference,,AISTATS,,C,第七版（2026年）,D,云南财经大学,2026
Asian Conference on Computer Vision,conference,,ACCV,,C,第七版（2026年）,D,云南财经大学,2026
Asian Conference on Machine Learning,conference,,ACML,,C,第七版（2026年）,D,云南财经大学,2026
British Machine Vision Conference,conference,,BMVC,,C,第七版（2026年）,D,云南财经大学,2026
CCF International Conference on Natural Language Processing and Chinese Computing,conference,,NLPCC,,C,第七版（2026年）,D,云南财经大学,2026
Conference on Computational Natural Language Learning,conference,,CoNLL,,C,第七版（2026年）,D,云南财经大学,2026
Genetic and Evolutionary Computation Conference,conference,,GECCO,,C,第七版（2026年）,D,云南财经大学,2026
IEEE International Conference on Tools with Artificial Intelligence,conference,,ICTAI,,C,第七版（2026年）,D,云南财经大学,2026
IEEE\RSJ International Conference on Intelligent Robots and Systems,conference,,IROS,,C,第七版（2026年）,D,云南财经大学,2026
International Conference on Algorithmic Learning Theory,conference,,ALT,,C,第七版（2026年）,D,云南财经大学,2026
International Conference on Artificial Neural Networks,conference,,ICANN,,C,第七版（2026年）,D,云南财经大学,2026
IEEE International Conference on Automatic Face and Gesture Recognition,conference,,FG,,C,第七版（2026年）,D,云南财经大学,2026
International Conference on Document Analysis and Recognition,conference,,ICDAR,,C,第七版（2026年）,D,云南财经大学,2026
International Conference on Inductive Logic Programming,conference,,ILP,,C,第七版（2026年）,D,云南财经大学,2026
"International conference on Knowledge Science, Engineering and Management",conference,,KSEM,,C,第七版（2026年）,D,云南财经大学,2026
International Conference on Neural Information Processing,conference,,ICONIP,,C,第七版（2026年）,D,云南财经大学,2026
International Conference on Pattern Recognition,conference,,ICPR,,C,第七版（2026年）,D,云南财经大学,2026
International Joint Conference on Biometrics,conference,,IJCB,,C,第七版（2026年）,D,云南财经大学,2026
International Joint Conference on Neural Networks,conference,,IJCNN,,C,第七版（2026年）,D,云南财经大学,2026
Pacific Rim International Conference on Artificial Intelligence,conference,,PRICAI,,C,第七版（2026年）,D,云南财经大学,2026
Congress on Evolutionary Computation,conference,,IEEE CEC,,C,第七版（2026年）,D,云南财经大学,2026
International Conference on Distributed Artificial Intelligence,conference,,DAI,,C,第七版（2026年）,D,云南财经大学,2026
ACM Transactions on Computer-Human Interaction,journal,,TOCHI,,A,第七版（2026年）,C,云南财经大学,2026
International Journal of Human-Computer Studies,journal,International Journal of Human-Computer Studies,IJHCS,1071-5819,A,第七版（2026年）,A,云南财经大学,2026
Computer Supported Cooperative Work,journal,,,,B,第七版（2026年）,C,云南财经大学,2026
Human-Computer Interaction,journal,,HCI,,B,第七版（2026年）,C,云南财经大学,2026
IEEE Transactions on Human-Machine Systems,journal,IEEE Transactions on Human-Machine Systems,,2168-2291,B,第七版（2026年）,B,云南财经大学,2026
Interacting with Computers,journal,,IWC,,B,第七版（2026年）,C,云南财经大学,2026
International Journal of Human-Computer Interaction,journal,International Journal of Human-Computer Interaction,IJHCI,1044-7318,B,第七版（2026年）,B,云南财经大学,2026
User Modeling and User-Adapted Interaction,journal,,UMUAI,,B,第七版（2026年）,C,云南财经大学,2026
"IEEE Transactions on Systems, Man,and Cybernetics: Systems",journal,"IEEE Transactions on Systems, Man and Cybernetics: Systems",TSMC,2168-2216,B,第七版（2026年）,A,云南财经大学,2026
CCF Transactions on Pervasive Computing and Interaction,journal,,CCF TPCI,,B,第七版（2026年）,C,云南财经大学,2026
Behaviour & Information Technology,journal,,BIT,,C,第七版（2026年）,D,云南财经大学,2026
Personal and Ubiquitous Computing,journal,,PUC,,C,第七版（2026年）,D,云南财经大学,2026
Pervasive and Mobile Computing,journal,,PMC,,C,第七版（2026年）,D,云南财经大学,2026
Proceedings of the ACM on Human-Computer Interaction,journal,,PACMHCI,,C,第七版（2026年）,D,云南财经大学,2026
ACM Transactions on Human-Robot Interaction,journal,,THRI,,C,第七版（2026年）,D,云南财经大学,2026
ACM Conference On Computer-Supported Cooperative Work And Social Computing,conference,,,,A,第七版（2026年）,C,云南财经大学,2026
ACM Conference on Human Factors in Computing Systems,conference,,CHI,,A,第七版（2026年）,C,云南财经大学,2026
ACM international joint conference on Pervasive and Ubiquitous Computing,conference,,UbiComp,,A,第七版（2026年）,C,云南财经大学,2026
ACM Symposium on User Interface Software and Technology,conference,,UIST,,A,第七版（2026年）,C,云南财经大学,2026
ACM International Conference on Supporting Group Work,conference,,GROUP,,B,第七版（2026年）,C,云南财经大学,2026
ACM International Conference on Intelligent User Interfaces,conference,,IUI,,B,第七版（2026年）,C,云南财经大学,2026
ACM International Conference on Interactive Surfaces and Spaces,conference,,ISS,,B,第七版（2026年）,C,云南财经大学,2026
European Conference on Computer Supported Cooperative Work,conference,,ECSCW,,B,第七版（2026年）,C,云南财经大学,2026
IEEE International Conference on Pervasive Computing and Communications,conference,,PERCOM,,B,第七版（2026年）,C,云南财经大学,2026
ACM International Conference on Mobile Human- Computer Interaction,conference,,MobileHCI,,B,第七版（2026年）,C,云南财经大学,2026
The International AAAI Conference on Web and Social Media,conference,,ICWSM,,B,第七版（2026年）,C,云南财经大学,2026
ACM SIGCHI Conference on Designing Interactive Systems,conference,,DIS,,C,第七版（2026年）,D,云南财经大学,2026
ACM International Conference on Multimodal Interaction,conference,,ICMI,,C,第七版（2026年）,D,云南财经大学,2026
International ACM SIGACCESS Conference on Computers and Accessibility,conference,,ASSETS,,C,第七版（2026年）,D,云南财经大学,2026
Graphics Interface,conference,,GI,,C,第七版（2026年）,D,云南财经大学,2026
IEEE International Conference on Ubiquitous Intelligence and Computing,conference,,UIC,,C,第七版（2026年）,D,云南财经大学,2026
IEEE World Haptics Conference,conference,,,,C,第七版（2026年）,D,云南财经大学,2026
International Conference on Human- Computer Interaction of International Federation for Information Processing,conference,,INTERACT,,C,第七版（2026年）,D,云南财经大学,2026
ACM Interaction Design and Children,conference,,IDC,,C,第七版（2026年）,D,云南财经大学,2026
"International Conference on Collaborative Computing: Networking, Applications and Worksharing",conference,,CollaborateCom,,C,第七版（2026年）,D,云南财经大学,2026
International Conference on Computer Supported Cooperative Work in Design,conference,,CSCWD,,C,第七版（2026年）,D,云南财经大学,2026
International Conference on Cooperative Information Systems,conference,,CoopIS,,C,第七版（2026年）,D,云南财经大学,2026
"International Conference on Mobile and Ubiquitous Systems: Computing, Networking and Services",conference,,MobiQuitous,,C,第七版（2026年）,D,云南财经大学,2026
International Working Conference on Advanced Visual Interfaces,conference,,AVI,,C,第七版（2026年）,D,云南财经大学,2026
"Conference on Green, Pervasive and Cloud Computing",conference,,GPC,,C,第七版（2026年）,D,云南财经大学,2026
CCF International Conference on Extended Reality,conference,,ICXR,,C,第七版（2026年）,D,云南财经大学,2026
Journal of the ACM,journal,,JACM,,A,第七版（2026年）,C,云南财经大学,2026
Proceedings of the IEEE,journal,,Proc. IEEE,,A,第七版（2026年）,C,云南财经大学,2026
Science China Information Sciences,journal,Science China-Information Sciences,SCIS,1674-733X,A,第七版（2026年）,A,云南财经大学,2026
Bioinformatics,journal,Bioinformatics,Bioinformatics,1367-4803,A,第七版（2026年）,B,云南财经大学,2026
Briefings in Bioinformatics,journal,,,,B,第七版（2026年）,C,云南财经大学,2026
Cognition,journal,,Cognition,,B,第七版（2026年）,C,云南财经大学,2026
IEEE Transactions on Automation Science and Engineering,journal,IEEE Transactions on Automation Science and Engineering,TASAE,1545-5955,B,第七版（2026年）,B,云南财经大学,2026
IEEE Transactions on Geoscience and Remote Sensing,journal,,TGARS,,B,第七版（2026年）,C,云南财经大学,2026
IEEE Transactions on Intelligent Transportation Systems,journal,IEEE Transactions on Intelligent Transportation Systems,TITS,1524-9050,B,第七版（2026年）,A,云南财经大学,2026
IEEE Transactions on Medical Imaging,journal,IEEE Transactions on Medical Imaging,TMI,0278-0062,B,第七版（2026年）,B,云南财经大学,2026
IEEE Transactions on Robotics,journal,IEEE Transactions on Robotics,TR,1552-3098,B,第七版（2026年）,B,云南财经大学,2026
IEEE/ACM Transactions on Computational Biology and Bioinformatics,journal,IEEE/ACM Transactions on Computational Biology and Bioinformatics,TCBB,1557-9964,B,第七版（2026年）,B,云南财经大学,2026
Journal of Computer Science and Technology,journal,Journal of Computer Science and Technology,JCST,1000-9000,B,第七版（2026年）,B,云南财经大学,2026
Journal of the American Medical Informatics Association,journal,,JAMIA,,B,第七版（2026年）,C,云南财经大学,2026
PLOS Computational Biology,journal,,,,B,第七版（2026年）,C,云南财经大学,2026
The Computer Journal,journal,,,,B,第七版（2026年）,C,云南财经大学,2026
World Wide Web,journal,,,,B,第七版（2026年）,C,云南财经大学,2026
Frontiers of Computer Science,journal,Frontiers of Computer Science,FCS,2095-2228,B,第七版（2026年）,B,云南财经大学,2026
Blockchain: Research and Applications,journal,,BCRA,,B,第七版（2026年）,C,云南财经大学,2026
BMC Bioinformatics,journal,,,,C,第七版（2026年）,D,云南财经大学,2026
Cybernetics and Systems,journal,,,,C,第七版（2026年）,D,云南财经大学,2026
IEEE Geoscience and Remote Sensing Letters,journal,,,,C,第七版（2026年）,D,云南财经大学,2026
IEEE Journal of Biomedical and Health Informatics,journal,,JBHI,,C,第七版（2026年）,D,云南财经大学,2026
IEEE Transactions on Big Data,journal,IEEE Transactions on Big Data,TBD,2332-7790,C,第七版（2026年）,B,云南财经大学,2026
IET Intelligent Transport Systems,journal,,,,C,第七版（2026年）,D,云南财经大学,2026
Journal of Biomedical Informatics,journal,,JBI,,C,第七版（2026年）,D,云南财经大学,2026
Medical Image Analysis,journal,,,,C,第七版（2026年）,D,云南财经大学,2026
IEEE Transactions on Industrial Informatics,journal,IEEE Transactions on Industrial Informatics,TII,1551-3203,C,第七版（2026年）,B,云南财经大学,2026
ACM Transactions on Cyber-Physical Systems,journal,,TCPS,,C,第七版（2026年）,D,云南财经大学,2026
ACM Transactions on Computing Education,journal,,TOCE,,C,第七版（2026年）,D,云南财经大学,2026
ENGINEERING Information Technology & Electronic Engineering （原 Frontiers of Information Technology & Electronic Engineering）,journal,,EITEE （原 FITEE）,,C,第七版（2026年）,D,云南财经大学,2026
IEEE Transactions on Computational Social Systems,journal,,TCSS,,C,第七版（2026年）,D,云南财经大学,2026
IEEE Transactions on Reliability,journal,IEEE Transactions on Reliability,,0018-9529,C,第七版（2026年）,B,云南财经大学,2026
ACM Transactions on Computing for Healthcare,journal,,HEALTH,,C,第七版（2026年）,D,云南财经大学,2026
ACM Distributed Ledger Technologies: Research and Practice,journal,,ACM DLT,,C,第七版（2026年）,D,云南财经大学,2026
The Web Conference （原 International World Wide Web Conference）,conference,,,,A,第七版（2026年）,C,云南财经大学,2026
IEEE Real-Time Systems Symposium,conference,,RTSS,,A,第七版（2026年）,C,云南财经大学,2026
Annual Meeting of the Cognitive Science Society,conference,,CogSci,,B,第七版（2026年）,C,云南财经大学,2026
IEEE International Conference on Bioinformatics and Biomedicine,conference,,BIBM,,B,第七版（2026年）,C,云南财经大学,2026
International Conference on Embedded Software,conference,,EMSOFT,,B,第七版（2026年）,C,云南财经大学,2026
International conference on Intelligent Systems for Molecular Biology,conference,,ISMB,,B,第七版（2026年）,C,云南财经大学,2026
Annual International Conference on Research in Computational Molecular Biology,conference,,RECOMB,,B,第七版（2026年）,C,云南财经大学,2026
International Conference on Medical Image Computing and Computer-Assisted Intervention,conference,,MICCAI,,B,第七版（2026年）,C,云南财经大学,2026
Conference on Web and Internet Economics,conference,,WINE,,B,第七版（2026年）,C,云南财经大学,2026
American Medical Informatics Association Annual Symposium,conference,,AMIA,,C,第七版（2026年）,D,云南财经大学,2026
Asia Pacific Bioinformatics Conference,conference,,APBC,,C,第七版（2026年）,D,云南财经大学,2026
IEEE International Conference on Big Data,conference,,IEEE BigData,,C,第七版（2026年）,D,云南财经大学,2026
IEEE International Conference on Cloud Computing,conference,,IEEE CLOUD,,C,第七版（2026年）,D,云南财经大学,2026
"IEEE International Conference on Systems, Man, and Cybernetics",conference,,SMC,,C,第七版（2026年）,D,云南财经大学,2026
International Conference on Spatial Information Theory,conference,,COSIT,,C,第七版（2026年）,D,云南财经大学,2026
International Symposium on Bioinformatics Research and Applications,conference,,ISBRA,,C,第七版（2026年）,D,云南财经大学,2026
International Symposium on Algorithmic Game Theory,conference,,SAGT,,C,第七版（2026年）,D,云南财经大学,2026
ACM Special Interest Group on Spatial Information,conference,,SIGSPATIAL,,C,第七版（2026年）,D,云南财经大学,2026
International Conference on Intelligent Computing,conference,,ICIC,,C,第七版（2026年）,D,云南财经大学,2026
International Conference on Service Science,conference,,ICSS,,C,第七版（2026年）,D,云南财经大学,2026
Advances in Financial Technologies,conference,,AFT,,C,第七版（2026年）,D,云南财经大学,2026
International Joint Conference on Theoretical Computer Science - Frontier of Algorithmic Wisdom,conference,,IJTCS-FAW,,C,第七版（2026年）,D,云南财经大学,2026
中国社会科学,journal,,,1002-4921,,,权威,云南财经大学,2026
经济研究,journal,,,0577-9154,,,权威,云南财经大学,2026
管理世界,journal,,,1002-5502,,,权威,云南财经大学,2026
求是,journal,,,1002-4980,,,权威,云南财经大学,2026
法学研究,journal,,,1002-896X,,,权威,云南财经大学,2026
计算机学报,journal,,,0254-4164,,,权威,云南财经大学,2026
历史研究,journal,,,0459-1909,,,权威,云南财经大学,2026
马克思主义研究,journal,,,1006-5199,,,权威,云南财经大学,2026
社会学研究,journal,,,1002-5936,,,权威,云南财经大学,2026
中国科学（数学）,journal,,,1674-7216,,,权威,云南财经大学,2026
文学评论,journal,,,0511-4683,,,权威,云南财经大学,2026
新闻与传播研究,journal,,,1005-2577,,,权威,云南财经大学,2026
中国科学（信息科学）,journal,,,1674-7267,,,权威,云南财经大学,2026
文艺研究,journal,,,0257-5876,,,权威,云南财经大学,2026
哲学研究,journal,,,1000-0216,,,权威,云南财经大学,2026
政治学研究,journal,,,1000-3355,,,权威,云南财经大学,2026
财经研究,journal,,,1001-9952,,,A,云南财经大学,2026
财贸经济,journal,,,1002-8102,,,A,云南财经大学,2026
财政研究,journal,,,1003-2878,,,A,云南财经大学,2026
国际贸易问题,journal,,,1002-4670,,,A,云南财经大学,2026
计量经济学报,journal,,,2096-9732,,,A,云南财经大学,2026
金融研究,journal,,,1002-7246,,,A,云南财经大学,2026
经济学（季刊）,journal,,,2095-1086,,,A,云南财经大学,2026
经济学动态,journal,,,1002-8390,,,A,云南财经大学,2026
经济学家,journal,,,1003-5656,,,A,云南财经大学,2026
南开经济研究,journal,,,1001-4691,,,A,云南财经大学,2026
世界经济,journal,,,1002-9621,,,A,云南财经大学,2026
世界经济文汇,journal,,,0488-6364,,,A,云南财经大学,2026
数量经济技术经济研究,journal,,,1000-3894,,,A,云南财经大学,2026
中国工业经济,journal,,,1006-480X,,,A,云南财经大学,2026
中国经济史研究,journal,,,1002-8005,,,A,云南财经大学,2026
中国农村经济,journal,,,1002-8870,,,A,云南财经大学,2026
中国人口·资源与环境,journal,,,1002-2104,,,A,云南财经大学,2026
公共管理学报,journal,,,1672-6162,,,A,云南财经大学,2026
管理工程学报,journal,,,1004-6062,,,A,云南财经大学,2026
管理科学,journal,,,1672-0334,,,A,云南财经大学,2026
管理科学学报,journal,,,1007-9807,,,A,云南财经大学,2026
管理评论,journal,,,1003-1952,,,A,云南财经大学,2026
管理学报,journal,,,1672-884X,,,A,云南财经大学,2026
会计研究,journal,,,1003-2886,,,A,云南财经大学,2026
经济管理,journal,,,1002-5766,,,A,云南财经大学,2026
科学学研究,journal,,,1003-2053,,,A,云南财经大学,2026
科研管理,journal,,,1000-2995,,,A,云南财经大学,2026
旅游学刊,journal,,,1002-5006,,,A,云南财经大学,2026
南开管理评论,journal,,,1008-3448,,,A,云南财经大学,2026
审计研究,journal,,,1002-4239,,,A,云南财经大学,2026
系统工程理论与实践,journal,,,1000-6788,,,A,云南财经大学,2026
中国管理科学,journal,,,1003-207X,,,A,云南财经大学,2026
中国软科学,journal,,,1005-0566,,,A,云南财经大学,2026
中国行政管理,journal,,,1006-0863,,,A,云南财经大学,2026
地理学报,journal,,,0375-5444,,,A,云南财经大学,2026
法学家,journal,,,1005-0221,,,A,云南财经大学,2026
清华法学,journal,,,1673-9280,,,A,云南财经大学,2026
中国法学,journal,,,1003-1707,,,A,云南财经大学,2026
中外法学,journal,,,1002-4875,,,A,云南财经大学,2026
自然资源学报,journal,,,1000-3037,,,A,云南财经大学,2026
软件学报,journal,,,1000-9825,,,A,云南财经大学,2026
自动化学报,journal,,,0254-4156,,,A,云南财经大学,2026
高等教育研究,journal,,,1000-4203,,,A,云南财经大学,2026
教育研究,journal,,,1002-5731,,,A,云南财经大学,2026
中共党史研究,journal,,,1003-3815,,,A,云南财经大学,2026
民俗研究,journal,,,1002-4360,,,A,云南财经大学,2026
民族研究,journal,,,0256-1891,,,A,云南财经大学,2026
中央民族大学学报（哲学社会科学版）,journal,,,1005-8575,,,A,云南财经大学,2026
经济地理,journal,,,1000-8462,,,A,云南财经大学,2026
人口研究,journal,,,1000-6087,,,A,云南财经大学,2026
中国人口科学,journal,,,1000-7881,,,A,云南财经大学,2026
数学年刊.A辑,journal,,,1000-8314,,,A,云南财经大学,2026
数学学报,journal,,,0583-1431,,,A,云南财经大学,2026
体育科学,journal,,,1000-677X,,,A,云南财经大学,2026
统计研究,journal,,,1002-4565,,,A,云南财经大学,2026
情报学报,journal,,,1000-0135,,,A,云南财经大学,2026
图书情报工作,journal,,,0252-3116,,,A,云南财经大学,2026
图书情报知识,journal,,,1003-2797,,,A,云南财经大学,2026
中国图书馆学报,journal,,,1001-8867,,,A,云南财经大学,2026
外国文学评论,journal,,,1001-6368,,,A,云南财经大学,2026
文学遗产,journal,,,0257-5914,,,A,云南财经大学,2026
心理学报,journal,,,0439-755X,,,A,云南财经大学,2026
国际新闻界,journal,,,1002-5685,,,A,云南财经大学,2026
当代电影,journal,,,1002-4646,,,A,云南财经大学,2026
装饰,journal,,,0412-3662,,,A,云南财经大学,2026
世界汉语教学,journal,,,1002-5804,,,A,云南财经大学,2026
外语教学与研究,journal,,,1000-0429,,,A,云南财经大学,2026
中国语文,journal,,,0578-1949,,,A,云南财经大学,2026
世界宗教研究,journal,,,1000-4289,,,A,云南财经大学,2026
文史哲,journal,,,0511-4721,,,A,云南财经大学,2026
自然辩证法研究,journal,,,1000-8934,,,A,云南财经大学,2026
世界经济与政治,journal,,,1006-9550,,,A,云南财经大学,2026
探索与争鸣,journal,,,1004-2229,,,A,云南财经大学,2026
中共中央党校（国家行政学院）学报,journal,,,2097-5538,,,A,云南财经大学,2026
中国特色社会主义研究,journal,,,1006-6470,,,A,云南财经大学,2026
北京大学学报（哲学社会科学版）,journal,,,1000-5919,,,A,云南财经大学,2026
北京师范大学学报（社会科学版）,journal,,,1002-0209,,,A,云南财经大学,2026
复旦学报（社会科学版）,journal,,,0257-0289,,,A,云南财经大学,2026
清华大学学报（哲学社会科学版）,journal,,,1000-0062,,,A,云南财经大学,2026
中国人民大学学报,journal,,,1000-5420,,,A,云南财经大学,2026
学术月刊,journal,,,0439-8041,,,A,云南财经大学,2026
保险研究,journal,,,1004-3306,,,B,云南财经大学,2026
产业经济研究,journal,,,1671-9301,,,B,云南财经大学,2026
当代经济科学,journal,,,1002-2848,,,B,云南财经大学,2026
改革,journal,,,1003-7543,,,B,云南财经大学,2026
国际金融研究,journal,,,1006-1029,,,B,云南财经大学,2026
国际经济评论,journal,,,1007-0974,,,B,云南财经大学,2026
宏观经济研究,journal,,,1008-2069,,,B,云南财经大学,2026
金融评论,journal,,,1674-7690,,,B,云南财经大学,2026
经济科学,journal,,,1002-5839,,,B,云南财经大学,2026
经济理论与经济管理,journal,,,1000-596X,,,B,云南财经大学,2026
经济评论,journal,,,1005-3425,,,B,云南财经大学,2026
经济社会体制比较,journal,,,1003-3947,,,B,云南财经大学,2026
南方经济,journal,,,1000-6249,,,B,云南财经大学,2026
农业技术经济,journal,,,1000-6370,,,B,云南财经大学,2026
农业经济问题,journal,,,1000-6389,,,B,云南财经大学,2026
世界经济研究,journal,,,1007-6964,,,B,云南财经大学,2026
税务研究,journal,,,1003-448X,,,B,云南财经大学,2026
政治经济学评论,journal,,,1674-7542,,,B,云南财经大学,2026
中国农村观察,journal,,,1006-4583,,,B,云南财经大学,2026
工程管理科技前沿,journal,,,2097-0145,,,B,云南财经大学,2026
公共管理评论,journal,,,2096-7713,,,B,云南财经大学,2026
管理学研究（管理学季刊）,journal,,,,,,B,云南财经大学,2026
金融学季刊,journal,,,,,,B,云南财经大学,2026
科学学与科学技术管理,journal,,,1002-0241,,,B,云南财经大学,2026
外国经济与管理,journal,,,1001-4950,,,B,云南财经大学,2026
系统管理学报,journal,,,1005-2542,,,B,云南财经大学,2026
研究与发展管理,journal,,,1004-8308,,,B,云南财经大学,2026
营销科学学报,journal,,,,,,B,云南财经大学,2026
中国会计评论,journal,,,,,,B,云南财经大学,2026
城市规划,journal,,,1002-1329,,,B,云南财经大学,2026
地理科学,journal,,,1000-0690,,,B,云南财经大学,2026
地理科学进展,journal,,,1007-6301,,,B,云南财经大学,2026
地球信息科学学报,journal,,,1560-8999,,,B,云南财经大学,2026
长江流域资源与环境,journal,,,1004-8227,,,B,云南财经大学,2026
中国土地科学,journal,,,1001-8158,,,B,云南财经大学,2026
法学,journal,,,1000-4238,,,B,云南财经大学,2026
法制与社会发展,journal,,,1006-6128,,,B,云南财经大学,2026
环球法律评论,journal,,,1009-6728,,,B,云南财经大学,2026
中国环境科学,journal,,,1000-6923,,,B,云南财经大学,2026
资源科学,journal,,,1007-7588,,,B,云南财经大学,2026
电子学报,journal,,,0372-2112,,,B,云南财经大学,2026
计算机研究与发展,journal,,,1000-1239,,,B,云南财经大学,2026
模式识别与人工智能,journal,,,1003-6059,,,B,云南财经大学,2026
通信学报,journal,,,1000-436X,,,B,云南财经大学,2026
中国边疆史地研究,journal,,,1002-6800,,,B,云南财经大学,2026
教学与研究,journal,,,0257-2826,,,B,云南财经大学,2026
马克思主义与现实,journal,,,1004-5961,,,B,云南财经大学,2026
思想教育研究,journal,,,1002-5707,,,B,云南财经大学,2026
思想理论教育导刊,journal,,,1009-2528,,,B,云南财经大学,2026
地理研究,journal,,,1000-0585,,,B,云南财经大学,2026
旅游科学,journal,,,1006-575X,,,B,云南财经大学,2026
工程数学学报,journal,,,1005-3085,,,B,云南财经大学,2026
计算数学,journal,,,0254-7791,,,B,云南财经大学,2026
数学物理学报.A辑,journal,,,1003-3998,,,B,云南财经大学,2026
应用数学学报,journal,,,0254-3079,,,B,云南财经大学,2026
北京体育大学学报,journal,,,1007-3612,,,B,云南财经大学,2026
上海体育大学学报,journal,,,2097-3799,,,B,云南财经大学,2026
体育学刊,journal,,,1006-7116,,,B,云南财经大学,2026
武汉体育学院学报,journal,,,1000-520X,,,B,云南财经大学,2026
数理统计与管理,journal,,,1002-1566,,,B,云南财经大学,2026
系统科学与数学,journal,,,1000-0577,,,B,云南财经大学,2026
大学图书馆学报,journal,,,1002-1027,,,B,云南财经大学,2026
情报理论与实践,journal,,,1000-7490,,,B,云南财经大学,2026
情报杂志,journal,,,1002-1965,,,B,云南财经大学,2026
数据分析与知识发现,journal,,,2096-3467,,,B,云南财经大学,2026
图书与情报,journal,,,1003-6938,,,B,云南财经大学,2026
当代外国文学,journal,,,1001-1757,,,B,云南财经大学,2026
文艺理论研究,journal,,,0257-0254,,,B,云南财经大学,2026
文艺理论与批评,journal,,,1002-9583,,,B,云南财经大学,2026
文艺争鸣,journal,,,1003-9538,,,B,云南财经大学,2026
中国比较文学,journal,,,1006-6101,,,B,云南财经大学,2026
中国文学研究,journal,,,1003-7535,,,B,云南财经大学,2026
心理科学进展,journal,,,1671-3710,,,B,云南财经大学,2026
出版发行研究,journal,,,1001-9316,,,B,云南财经大学,2026
现代传播,journal,,,1007-8770,,,B,云南财经大学,2026
新闻大学,journal,,,1006-1460,,,B,云南财经大学,2026
新闻记者,journal,,,1006-3277,,,B,云南财经大学,2026
中国图象图形学报,journal,,,1006-8961,,,B,云南财经大学,2026
建筑学报,journal,,,0529-1399,,,B,云南财经大学,2026
中国音乐学,journal,,,1003-0042,,,B,云南财经大学,2026
外国语,journal,,,1004-5139,,,B,云南财经大学,2026
外语教学,journal,,,1000-5544,,,B,云南财经大学,2026
外语界,journal,,,1004-5112,,,B,云南财经大学,2026
语言研究,journal,,,1000-1263,,,B,云南财经大学,2026
中国翻译,journal,,,1000-873X,,,B,云南财经大学,2026
中国外语,journal,,,1672-9382,,,B,云南财经大学,2026
道德与文明,journal,,,1007-1539,,,B,云南财经大学,2026
世界哲学,journal,,,1671-4318,,,B,云南财经大学,2026
哲学动态,journal,,,1002-8862,,,B,云南财经大学,2026
公共行政评论,journal,,,1674-2486,,,B,云南财经大学,2026
国际问题研究,journal,,,0452-8832,,,B,云南财经大学,2026
国际政治科学,journal,,,2096-1545,,,B,云南财经大学,2026
国际政治研究,journal,,,1671-4709,,,B,云南财经大学,2026
外交评论.外交学院学报,journal,,,1003-3386,,,B,云南财经大学,2026
北京大学学报（自然科学版）,journal,,,0479-8023,,,B,云南财经大学,2026
华中科技大学学报（自然科学版）,journal,,,1671-4512,,,B,云南财经大学,2026
吉林大学社会科学学报,journal,,,0257-2834,,,B,云南财经大学,2026
浙江大学学报（人文社会科版）,journal,,,1008-942X,,,B,云南财经大学,2026
科学通报,journal,,,0023-074X,,,B,云南财经大学,2026
美国研究,journal,,,1002-8986,,,B,云南财经大学,2026
欧洲研究,journal,,,1004-9789,,,B,云南财经大学,2026
社会科学,journal,,,0257-5833,,,B,云南财经大学,2026
社会科学研究,journal,,,1000-4769,,,B,云南财经大学,2026
思想战线,journal,,,1001-778X,,,B,云南财经大学,2026
系统工程学报,journal,,,1000-5781,,,B,云南财经大学,2026
现代国际关系,journal,,,1000-6192,,,B,云南财经大学,2026
学术研究,journal,,,1000-7326,,,B,云南财经大学,2026
Nature,journal,,,0028-0836,,,权威,云南财经大学,2026
Science,journal,,,0036-8075,,,权威,云南财经大学,2026
Proceedings of the National Academy of Sciences of the United States of America,journal,,,0027-8424,,,权威,云南财经大学,2026
American Economic Journal: Applied Economics,journal,,,1945-7782,,,权威,云南财经大学,2026
American Economic Journal: Macroeconomics,journal,,,1945-7707,,,权威,云南财经大学,2026
American Economic Review,journal,,,0002-8282,,,权威,云南财经大学,2026
Econometrica,journal,,,0012-9682,,,权威,云南财经大学,2026
Economic Journal,journal,,,0013-0133,,,权威,云南财经大学,2026
International Economic Review,journal,,,0020-6598,,,权威,云南财经大学,2026
Journal of Accounting and Economics,journal,,,0165-4101,,,权威,云南财经大学,2026
Journal of Development Economics,journal,,,0304-3878,,,权威,云南财经大学,2026
Journal of Econometrics,journal,,,0304-4076,,,权威,云南财经大学,2026
Journal of Economic Literature,journal,,,0022-0515,,,权威,云南财经大学,2026
Journal of Economic Perspectives,journal,,,0895-3309,,,权威,云南财经大学,2026
Journal of Economic Theory,journal,,,0022-0531,,,权威,云南财经大学,2026
Journal of Finance,journal,,,0022-1082,,,权威,云南财经大学,2026
Journal of Financial and Quantitative Analysis,journal,,,0022-1090,,,权威,云南财经大学,2026
Journal of Financial Economics,journal,,,0304-405X,,,权威,云南财经大学,2026
Journal of International Economics,journal,,,0022-1996,,,权威,云南财经大学,2026
Journal of Labor Economics,journal,,,0734-306X,,,权威,云南财经大学,2026
Journal of Monetary Economics,journal,,,0304-3932,,,权威,云南财经大学,2026
Journal of Political Economy,journal,,,0022-3808,,,权威,云南财经大学,2026
Journal of the European Economic Association,journal,,,1542-4766,,,权威,云南财经大学,2026
Quarterly Journal of Economics,journal,,,0033-5533,,,权威,云南财经大学,2026
Rand Journal of Economics,journal,,,0741-6261,,,权威,云南财经大学,2026
Review of Economic Studies,journal,,,0034-6527,,,权威,云南财经大学,2026
Review of Economics and Statistics,journal,,,0034-6535,,,权威,云南财经大学,2026
Review of Finance,journal,,,1572-3097,,,权威,云南财经大学,2026
Review of Financial Studies,journal,,,0893-9454,,,权威,云南财经大学,2026
Academy of Management Annals,journal,,,1941-6520,,,权威,云南财经大学,2026
Academy of Management Journal,journal,,,0001-4273,,,权威,云南财经大学,2026
Academy of Management Review,journal,,,0363-7425,,,权威,云南财经大学,2026
Accounting Organizations and Society,journal,,,0361-3682,,,权威,云南财经大学,2026
Accounting Review,journal,,,0001-4826,,,权威,云南财经大学,2026
Administrative Science Quarterly,journal,,,0001-8392,,,权威,云南财经大学,2026
Contemporary Accounting Research,journal,,,0823-9150,,,权威,云南财经大学,2026
Entrepreneurship Theory and Practice,journal,,,1042-2587,,,权威,云南财经大学,2026
European Journal of Operational Research,journal,,,0377-2217,,,权威,云南财经大学,2026
Harvard Business Review,journal,,,0017-8012,,,权威,云南财经大学,2026
Human Resource Management,journal,,,0090-4848,,,权威,云南财经大学,2026
Journal of Accounting Research,journal,,,0021-8456,,,权威,云南财经大学,2026
Journal of Business Venturing,journal,,,0883-9026,,,权威,云南财经大学,2026
Journal of Consumer Research,journal,,,0093-5301,,,权威,云南财经大学,2026
Journal of International Business Studies,journal,,,0047-2506,,,权威,云南财经大学,2026
Journal of Management,journal,,,0149-2063,,,权威,云南财经大学,2026
Journal of Management Studies,journal,,,0022-2380,,,权威,云南财经大学,2026
Journal of Marketing,journal,,,0022-2429,,,权威,云南财经大学,2026
Journal of Marketing Research,journal,,,0022-2437,,,权威,云南财经大学,2026
Journal of Operations Management,journal,,,0272-6963,,,权威,云南财经大学,2026
Journal of Public Administration Research and Theory,journal,,,1053-1858,,,权威,云南财经大学,2026
Journal of the Academy of Marketing Science,journal,,,0092-0703,,,权威,云南财经大学,2026
Management Science,journal,,,0025-1909,,,权威,云南财经大学,2026
Manufacturing & Service Operations Management,journal,,,1523-4614,,,权威,云南财经大学,2026
Marketing Science,journal,,,0732-2399,,,权威,云南财经大学,2026
Operations Research,journal,,,0030-364X,,,权威,云南财经大学,2026
Organization Science,journal,,,1047-7039,,,权威,云南财经大学,2026
Organization Studies,journal,,,0170-8406,,,权威,云南财经大学,2026
Production and Operations Management,journal,,,1059-1478,,,权威,云南财经大学,2026
Public Administration,journal,,,0033-3298,,,权威,云南财经大学,2026
Public Administration Review,journal,,,0033-3352,,,权威,云南财经大学,2026
Research Policy,journal,,,0048-7333,,,权威,云南财经大学,2026
Review of Accounting Studies,journal,,,1380-6653,,,权威,云南财经大学,2026
Strategic Entrepreneurship Journal,journal,,,1932-4391,,,权威,云南财经大学,2026
Strategic Management Journal,journal,,,0143-2095,,,权威,云南财经大学,2026
Tourism Management,journal,,,0261-5177,,,权威,云南财经大学,2026
Information Systems Research,journal,,,1047-7047,,,权威,云南财经大学,2026
Journal of Management Information Systems,journal,,,0742-1222,,,权威,云南财经大学,2026
Journal of the Association for Information Systems,journal,,,1536-9323,,,权威,云南财经大学,2026
Mis Quarterly,journal,,,0276-7783,,,权威,云南财经大学,2026
American Sociological Review,journal,,,0003-1224,,,权威,云南财经大学,2026
Harvard Law Review,journal,,,0017-811X,,,权威,云南财经大学,2026
Stanford Law Review,journal,,,0038-9765,,,权威,云南财经大学,2026
Acta Mathematica,journal,,,0001-5962,,,权威,云南财经大学,2026
Advances in Mathematics,journal,,,0001-8708,,,权威,云南财经大学,2026
Annals of Mathematics,journal,,,0003-486X,,,权威,云南财经大学,2026
Communications on Pure and Applied Mathematics,journal,,,0010-3640,,,权威,云南财经大学,2026
Inventiones Mathematicae,journal,,,0020-9910,,,权威,云南财经大学,2026
Journal of the American Mathematical Society,journal,,,0894-0347,,,权威,云南财经大学,2026
Mathematical Programming,journal,,,0025-5610,,,权威,云南财经大学,2026
Mathematics of Computation,journal,,,0025-5718,,,权威,云南财经大学,2026
Mathematische Annalen,journal,,,0025-5831,,,权威,云南财经大学,2026
SIAM Journal on Mathematical Analysis,journal,,,0036-1410,,,权威,云南财经大学,2026
SIAM Journal on Optimization,journal,,,1052-6234,,,权威,云南财经大学,2026
SIAM Journal on Scientific Computing,journal,,,1064-8275,,,权威,云南财经大学,2026
Annals of Statistics,journal,,,0090-5364,,,权威,云南财经大学,2026
Biometrika,journal,,,0006-3444,,,权威,云南财经大学,2026
Journal of Business & Economic Statistics,journal,,,0735-0015,,,权威,云南财经大学,2026
Journal of the American Statistical Association,journal,,,0162-1459,,,权威,云南财经大学,2026
Journal of the Royal Statistical Society Series B,journal,,,1369-7412,,,权威,云南财经大学,2026
Journal of Communication,journal,,,0021-9916,,,权威,云南财经大学,2026
Journal of Applied Psychology,journal,,,0021-9010,,,权威,云南财经大学,2026
Journal of Consumer Psychology,journal,,,1057-7408,,,权威,云南财经大学,2026
Organizational Behavior and Human Decision Processes,journal,,,0749-5978,,,权威,云南财经大学,2026
Philosophical Review,journal,,,0031-8108,,,权威,云南财经大学,2026
Agricultural Economics,journal,,,0169-5150,,,A,云南财经大学,2026
American Economic Journal: Economic Policy,journal,,,1945-7731,,,A,云南财经大学,2026
American Economic Journal: Microeconomics,journal,,,1945-7669,,,A,云南财经大学,2026
American Economic Review Insights,journal,,,2640-205X,,,A,云南财经大学,2026
American Journal of Agricultural Economics,journal,,,0002-9092,,,A,云南财经大学,2026
Brookings Papers on Economic Activity,journal,,,0007-2303,,,A,云南财经大学,2026
Cambridge Journal of Economics,journal,,,0309-166X,,,A,云南财经大学,2026
Canadian Journal of Economics,journal,,,0008-4085,,,A,云南财经大学,2026
China Economic Review,journal,,,1043-951X,,,A,云南财经大学,2026
Cities,journal,,,0264-2751,,,A,云南财经大学,2026
Ecological Economics,journal,,,0921-8009,,,A,云南财经大学,2026
Econometric Reviews,journal,,,0747-4938,,,A,云南财经大学,2026
Econometric Theory,journal,,,0266-4666,,,A,云南财经大学,2026
Econometrics Journal,journal,,,1368-4221,,,A,云南财经大学,2026
Economic Development and Cultural Change,journal,,,0013-0079,,,A,云南财经大学,2026
Economic Geography,journal,,,0013-0095,,,A,云南财经大学,2026
Economic Inquiry,journal,,,0095-2583,,,A,云南财经大学,2026
Economic Policy,journal,,,0266-4658,,,A,云南财经大学,2026
Economic Theory,journal,,,0938-2259,,,A,云南财经大学,2026
Economica,journal,,,0013-0427,,,A,云南财经大学,2026
Economics Letters,journal,,,0165-1765,,,A,云南财经大学,2026
Energy Economics,journal,,,0140-9883,,,A,云南财经大学,2026
Energy Journal,journal,,,0195-6574,,,A,云南财经大学,2026
Energy Policy,journal,,,0301-4215,,,A,云南财经大学,2026
Environmental and Resource Economics,journal,,,0924-6460,,,A,云南财经大学,2026
European Economic Review,journal,,,0014-2921,,,A,云南财经大学,2026
European Financial Management,journal,,,1354-7798,,,A,云南财经大学,2026
European Review of Agricultural Economics,journal,,,0165-1587,,,A,云南财经大学,2026
Experimental Economics,journal,,,1386-4157,,,A,云南财经大学,2026
Finance and Stochastics,journal,,,0949-2984,,,A,云南财经大学,2026
Financial Analysts Journal,journal,,,0015-198X,,,A,云南财经大学,2026
Financial Management,journal,,,0046-3892,,,A,云南财经大学,2026
Games and Economic Behavior,journal,,,0899-8256,,,A,云南财经大学,2026
Habitat International,journal,,,0197-3975,,,A,云南财经大学,2026
IMF Economic Review,journal,,,2041-4161,,,A,云南财经大学,2026
Insurance: Mathematics and Economics,journal,,,0167-6687,,,A,云南财经大学,2026
International Journal of Forecasting,journal,,,0169-2070,,,A,云南财经大学,2026
International Journal of Industrial Organization,journal,,,0167-7187,,,A,云南财经大学,2026
Journal of Agricultural Economics,journal,,,0021-857X,,,A,云南财经大学,2026
Journal of Applied Econometrics,journal,,,0883-7252,,,A,云南财经大学,2026
Journal of Banking & Finance,journal,,,0378-4266,,,A,云南财经大学,2026
Journal of Comparative Economics,journal,,,0147-5967,,,A,云南财经大学,2026
Journal of Corporate Finance,journal,,,0929-1199,,,A,云南财经大学,2026
Journal of Economic Behavior & Organization,journal,,,0167-2681,,,A,云南财经大学,2026
Journal of Economic Dynamics and Control,journal,,,0165-1889,,,A,云南财经大学,2026
Journal of Economic Geography,journal,,,1468-2702,,,A,云南财经大学,2026
Journal of Economic Growth,journal,,,1381-4338,,,A,云南财经大学,2026
Journal of Economic History,journal,,,0022-0507,,,A,云南财经大学,2026
Journal of Economics & Management Strategy,journal,,,1058-6407,,,A,云南财经大学,2026
Journal of Empirical Finance,journal,,,0927-5398,,,A,云南财经大学,2026
Journal of Environmental Economics and Management,journal,,,0095-0696,,,A,云南财经大学,2026
Journal of Financial Econometrics,journal,,,1479-8409,,,A,云南财经大学,2026
Journal of Financial Intermediation,journal,,,1042-9573,,,A,云南财经大学,2026
Journal of Financial Markets,journal,,,1386-4181,,,A,云南财经大学,2026
Journal of Financial Research,journal,,,0270-2592,,,A,云南财经大学,2026
Journal of Financial Stability,journal,,,1572-3089,,,A,云南财经大学,2026
Journal of Futures Markets,journal,,,0270-7314,,,A,云南财经大学,2026
Journal of Health Economics,journal,,,0167-6296,,,A,云南财经大学,2026
Journal of Human Resources,journal,,,0022-166X,,,A,云南财经大学,2026
Journal of Industrial Economics,journal,,,0022-1821,,,A,云南财经大学,2026
Journal of International Money and Finance,journal,,,0261-5606,,,A,云南财经大学,2026
Journal of Mathematical Economics,journal,,,0304-4068,,,A,云南财经大学,2026
Journal of Money Credit and Banking,journal,,,0022-2879,,,A,云南财经大学,2026
Journal of Population Economics,journal,,,0933-1433,,,A,云南财经大学,2026
Journal of Portfolio Management,journal,,,0095-4918,,,A,云南财经大学,2026
Journal of Public Economics,journal,,,0047-2727,,,A,云南财经大学,2026
Journal of Real Estate Finance and Economics,journal,,,0895-5638,,,A,云南财经大学,2026
Journal of Regional Science,journal,,,0022-4146,,,A,云南财经大学,2026
Journal of Regulatory Economics,journal,,,0922-680X,,,A,云南财经大学,2026
Journal of Risk and Insurance,journal,,,0022-4367,,,A,云南财经大学,2026
Journal of Risk and Uncertainty,journal,,,0895-5646,,,A,云南财经大学,2026
Journal of the Association of Environmental and Resource Economists,journal,,,2333-5955,,,A,云南财经大学,2026
Journal of Urban Economics,journal,,,0094-1190,,,A,云南财经大学,2026
Labour Economics,journal,,,0927-5371,,,A,云南财经大学,2026
Land Economics,journal,,,0023-7639,,,A,云南财经大学,2026
Macroeconomic Dynamics,journal,,,1365-1005,,,A,云南财经大学,2026
Mathematical Finance,journal,,,0960-1627,,,A,云南财经大学,2026
Oxford Bulletin of Economics and Statistics,journal,,,0305-9049,,,A,云南财经大学,2026
Quantitative Economics,journal,,,1759-7323,,,A,云南财经大学,2026
Real Estate Economics,journal,,,1080-8620,,,A,云南财经大学,2026
Regional Science and Urban Economics,journal,,,0166-0462,,,A,云南财经大学,2026
Regional Studies,journal,,,0034-3404,,,A,云南财经大学,2026
Resource and Energy Economics,journal,,,0928-7655,,,A,云南财经大学,2026
Review of Asset Pricing Studies,journal,,,2045-9920,,,A,云南财经大学,2026
Review of Economic Dynamics,journal,,,1094-2025,,,A,云南财经大学,2026
Review of Income and Wealth,journal,,,0034-6586,,,A,云南财经大学,2026
Review of International Economics,journal,,,0965-7576,,,A,云南财经大学,2026
Review of International Political Economy,journal,,,0969-2290,,,A,云南财经大学,2026
Review of Quantitative Finance and Accounting,journal,,,0924-865X,,,A,云南财经大学,2026
Small Business Economics,journal,,,0921-898X,,,A,云南财经大学,2026
Social Choice and Welfare,journal,,,0176-1714,,,A,云南财经大学,2026
Theoretical Economics,journal,,,1933-6837,,,A,云南财经大学,2026
Urban Studies,journal,,,0042-0980,,,A,云南财经大学,2026
World Bank Economic Review,journal,,,0258-6770,,,A,云南财经大学,2026
World Development,journal,,,0305-750X,,,A,云南财经大学,2026
"Abacus-Journal of Accounting, Finance and Business Studies",journal,,,0001-3072,,,A,云南财经大学,2026
Academy of Management Learning & Education,journal,,,1537-260X,,,A,云南财经大学,2026
Academy of Management Perspectives,journal,,,1558-9080,,,A,云南财经大学,2026
Accounting and Business Research,journal,,,0001-4788,,,A,云南财经大学,2026
Accounting Horizons,journal,,,0888-7993,,,A,云南财经大学,2026
Administration & Society,journal,,,0095-3997,,,A,云南财经大学,2026
American Review of Public Administration,journal,,,0275-0740,,,A,云南财经大学,2026
Annals of Operations Research,journal,,,0254-5330,,,A,云南财经大学,2026
Annals of Tourism Research,journal,,,0160-7383,,,A,云南财经大学,2026
Asia Pacific Journal of Management,journal,,,0217-4561,,,A,云南财经大学,2026
Auditing,journal,,,0278-0380,,,A,云南财经大学,2026
British Accounting Review,journal,,,0890-8389,,,A,云南财经大学,2026
British Journal of Management,journal,,,1045-3172,,,A,云南财经大学,2026
Business & Society,journal,,,0007-6503,,,A,云南财经大学,2026
California Management Review,journal,,,0008-1256,,,A,云南财经大学,2026
Cornell Hospitality Quarterly,journal,,,1938-9655,,,A,云南财经大学,2026
Corporate Governance: An International Review,journal,,,0964-8410,,,A,云南财经大学,2026
Decision Sciences,journal,,,0011-7315,,,A,云南财经大学,2026
European Accounting Review,journal,,,0963-8180,,,A,云南财经大学,2026
Family Business Review,journal,,,0894-4865,,,A,云南财经大学,2026
Global Strategy Journal,journal,,,2042-5791,,,A,云南财经大学,2026
Group & Organization Management,journal,,,1059-6011,,,A,云南财经大学,2026
Human Resource Management Journal,journal,,,0954-5395,,,A,云南财经大学,2026
Human Resource Management Review,journal,,,1053-4822,,,A,云南财经大学,2026
IEEE Transactions on Engineering Management,journal,,,0018-9391,,,A,云南财经大学,2026
Industrial and Corporate Change,journal,,,0960-6491,,,A,云南财经大学,2026
Industrial Marketing Management,journal,,,0019-8501,,,A,云南财经大学,2026
Information and Organization,journal,,,1471-7727,,,A,云南财经大学,2026
Information Technology & People,journal,,,0959-3845,,,A,云南财经大学,2026
International Business Review,journal,,,0969-5931,,,A,云南财经大学,2026
International Journal of Accounting,journal,,,1094-4060,,,A,云南财经大学,2026
International Journal of Contemporary Hospitality Management,journal,,,0959-6119,,,A,云南财经大学,2026
International Journal of Electronic Commerce,journal,,,1086-4415,,,A,云南财经大学,2026
International Journal of Hospitality Management,journal,,,0278-4319,,,A,云南财经大学,2026
International Journal of Human Resource Management,journal,,,0958-5192,,,A,云南财经大学,2026
International Journal of Information Management,journal,,,0268-4012,,,A,云南财经大学,2026
International Journal of Management Reviews,journal,,,1460-8545,,,A,云南财经大学,2026
International Journal of Operations & Production Management,journal,,,0144-3577,,,A,云南财经大学,2026
International Journal of Project Management,journal,,,0263-7863,,,A,云南财经大学,2026
International Journal of Research in Marketing,journal,,,0167-8116,,,A,云南财经大学,2026
International Marketing Review,journal,,,0265-1335,,,A,云南财经大学,2026
International Public Management Journal,journal,,,1096-7494,,,A,云南财经大学,2026
Journal of Accounting and Public Policy,journal,,,0278-4254,,,A,云南财经大学,2026
Journal of Accounting Literature,journal,,,0737-4607,,,A,云南财经大学,2026
"Journal of Accounting, Auditing & Finance",journal,,,0148-558X,,,A,云南财经大学,2026
Journal of Advertising,journal,,,0091-3367,,,A,云南财经大学,2026
Journal of Advertising Research,journal,,,0021-8499,,,A,云南财经大学,2026
Journal of Business Finance & Accounting,journal,,,0306-686X,,,A,云南财经大学,2026
Journal of Business Research,journal,,,0148-2963,,,A,云南财经大学,2026
Journal of Interactive Marketing,journal,,,1094-9968,,,A,云南财经大学,2026
Journal of International Accounting Research,journal,,,1542-6297,,,A,云南财经大学,2026
Journal of International Management,journal,,,1075-4253,,,A,云南财经大学,2026
Journal of International Marketing,journal,,,1069-031X,,,A,云南财经大学,2026
Journal of Knowledge Management,journal,,,1367-3270,,,A,云南财经大学,2026
Journal of Management Accounting Research,journal,,,1049-2127,,,A,云南财经大学,2026
Journal of Organizational Behavior,journal,,,0894-3796,,,A,云南财经大学,2026
Journal of Policy Analysis and Management,journal,,,0276-8739,,,A,云南财经大学,2026
Journal of Product Innovation Management,journal,,,0737-6782,,,A,云南财经大学,2026
Journal of Public Policy & Marketing,journal,,,0743-9156,,,A,云南财经大学,2026
Journal of Retailing,journal,,,0022-4359,,,A,云南财经大学,2026
Journal of Service Research,journal,,,1094-6705,,,A,云南财经大学,2026
Journal of Small Business Management,journal,,,0047-2778,,,A,云南财经大学,2026
Journal of Strategic Information Systems,journal,,,0963-8687,,,A,云南财经大学,2026
Journal of Supply Chain Management,journal,,,1523-2409,,,A,云南财经大学,2026
Journal of Sustainable Tourism,journal,,,0966-9582,,,A,云南财经大学,2026
Journal of the American Taxation Association,journal,,,0198-9073,,,A,云南财经大学,2026
Journal of the Operational Research Society,journal,,,0160-5682,,,A,云南财经大学,2026
Journal of Travel Research,journal,,,0047-2875,,,A,云南财经大学,2026
Journal of World Business,journal,,,1090-9516,,,A,云南财经大学,2026
Leadership Quarterly,journal,,,1048-9843,,,A,云南财经大学,2026
Long Range Planning,journal,,,0024-6301,,,A,云南财经大学,2026
Management Accounting Research,journal,,,1044-5005,,,A,云南财经大学,2026
Management and Organization Review,journal,,,1740-8776,,,A,云南财经大学,2026
Management International Review,journal,,,0938-8249,,,A,云南财经大学,2026
Naval Research Logistics,journal,,,0894-069X,,,A,云南财经大学,2026
Omega,journal,,,0305-0483,,,A,云南财经大学,2026
Operations Research Letters,journal,,,0167-6377,,,A,云南财经大学,2026
OR Spectrum,journal,,,0171-6468,,,A,云南财经大学,2026
Organizational Research Methods,journal,,,1094-4281,,,A,云南财经大学,2026
Public Management Review,journal,,,1471-9037,,,A,云南财经大学,2026
R & D Management,journal,,,0033-6807,,,A,云南财经大学,2026
Research in Organizational Behavior,journal,,,0191-3085,,,A,云南财经大学,2026
Review of Corporate Finance Studies,journal,,,2046-9128,,,A,云南财经大学,2026
Strategic Organization,journal,,,1476-1270,,,A,云南财经大学,2026
Technovation,journal,,,0166-4972,,,A,云南财经大学,2026
Work Employment and Society,journal,,,0950-0170,,,A,云南财经大学,2026
Communications Earth & Environment,journal,,,2662-4435,,,A,云南财经大学,2026
Nature Climate Change,journal,,,1758-678X,,,A,云南财经大学,2026
Nature Geoscience,journal,,,1752-0894,,,A,云南财经大学,2026
Nature Reviews Earth & Environment,journal,,,2662-138X,,,A,云南财经大学,2026
Computers & Industrial Engineering,journal,,,0360-8352,,,A,云南财经大学,2026
Computers & Operations Research,journal,,,0305-0548,,,A,云南财经大学,2026
Iise Transactions,journal,,,2472-5854,,,A,云南财经大学,2026
International Journal of Production Economics,journal,,,0925-5273,,,A,云南财经大学,2026
International Journal of Production Research,journal,,,0020-7543,,,A,云南财经大学,2026
Journal of Construction Engineering and Management,journal,,,0733-9364,,,A,云南财经大学,2026
Journal of Management in Engineering,journal,,,0742-597X,,,A,云南财经大学,2026
Production Planning and Control,journal,,,0953-7287,,,A,云南财经大学,2026
Transportation Research Part A: Policy and Practice,journal,,,0965-8564,,,A,云南财经大学,2026
Transportation Research Part B: Methodological,journal,,,0191-2615,,,A,云南财经大学,2026
Transportation Research Part E: Logistics and Transportation Review,journal,,,1366-5545,,,A,云南财经大学,2026
Transportation Science,journal,,,0041-1655,,,A,云南财经大学,2026
Environmental Science & Technology,journal,,,0013-936X,,,A,云南财经大学,2026
Global Environmental Change,journal,,,0959-3780,,,A,云南财经大学,2026
Nature Sustainability,journal,,,2398-9629,,,A,云南财经大学,2026
IEEE Transactions on Automatic Control,journal,,,0018-9286,,,A,云南财经大学,2026
IEEE-ACM Transactions on Networking,journal,,,1063-6692,,,A,云南财经大学,2026
Information Fusion,journal,,,1566-2535,,,A,云南财经大学,2026
Information Systems Frontiers,journal,,,1387-3326,,,A,云南财经大学,2026
Information Systems Journal,journal,,,1350-1917,,,A,云南财经大学,2026
International Journal of Information Technology & Decision Making,journal,,,0219-6220,,,A,云南财经大学,2026
Internet Research,journal,,,1066-2243,,,A,云南财经大学,2026
Journal of Information Technology,journal,,,0268-3962,,,A,云南财经大学,2026
Nature Computational Science,journal,,,2662-8457,,,A,云南财经大学,2026
Nature Machine Intelligence,journal,,,2522-5839,,,A,云南财经大学,2026
Economics of Education Review,journal,,,0272-7757,,,A,云南财经大学,2026
American Journal of Political Science,journal,,,0092-5853,,,A,云南财经大学,2026
American Journal of Sociology,journal,,,0002-9602,,,A,云南财经大学,2026
American Political Science Review,journal,,,0003-0554,,,A,云南财经大学,2026
Annual Review of Sociology,journal,,,0360-0572,,,A,云南财经大学,2026
British Journal of Industrial Relations,journal,,,0007-1080,,,A,云南财经大学,2026
Governance,journal,,,0952-1895,,,A,云南财经大学,2026
Human Relations,journal,,,0018-7267,,,A,云南财经大学,2026
ILR Review,journal,,,0019-7939,,,A,云南财经大学,2026
Industrial Relations,journal,,,0019-8676,,,A,云南财经大学,2026
Journal of European Public Policy,journal,,,1350-1763,,,A,云南财经大学,2026
Journal of Rural Studies,journal,,,0743-0167,,,A,云南财经大学,2026
Policy and Politics,journal,,,0305-5736,,,A,云南财经大学,2026
Regulation & Governance,journal,,,1748-5983,,,A,云南财经大学,2026
The Journal of Law and Economics,journal,,,0022-2186,,,A,云南财经大学,2026
Yale Law Journal,journal,,,0044-0094,,,A,云南财经大学,2026
Advanced Nonlinear Studies,journal,,,1536-1365,,,A,云南财经大学,2026
Archive for Rational Mechanics and Analysis,journal,,,0003-9527,,,A,云南财经大学,2026
Calculus of Variations and Partial Differential Equations,journal,,,0944-2669,,,A,云南财经大学,2026
Communications in Partial Differential Equations,journal,,,0360-5302,,,A,云南财经大学,2026
Duke Mathematical Journal,journal,,,0012-7094,,,A,云南财经大学,2026
IMA Journal of Numerical Analysis,journal,,,0272-4979,,,A,云南财经大学,2026
Inverse Problems,journal,,,0266-5611,,,A,云南财经大学,2026
Journal of Algebra,journal,,,0021-8693,,,A,云南财经大学,2026
Journal of Differential Equations,journal,,,0022-0396,,,A,云南财经大学,2026
Journal of Functional Analysis,journal,,,0022-1236,,,A,云南财经大学,2026
Journal of Scientific Computing,journal,,,0885-7474,,,A,云南财经大学,2026
Journal of the European Mathematical Society,journal,,,1435-9855,,,A,云南财经大学,2026
Mathematical Models & Methods in Applied Sciences,journal,,,0218-2025,,,A,云南财经大学,2026
Mathematics of Operations Research,journal,,,0364-765X,,,A,云南财经大学,2026
Nonlinearity,journal,,,0951-7715,,,A,云南财经大学,2026
Numerische Mathematik,journal,,,0029-599X,,,A,云南财经大学,2026
Proceedings of the London Mathematical Society,journal,,,0024-6115,,,A,云南财经大学,2026
Science China-Mathematics,journal,,,1674-7283,,,A,云南财经大学,2026
SIAM Journal on Control and Optimization,journal,,,0363-0129,,,A,云南财经大学,2026
SIAM Journal on Matrix Analysis and Applications,journal,,,0895-4798,,,A,云南财经大学,2026
SIAM Journal on Numerical Analysis,journal,,,0036-1429,,,A,云南财经大学,2026
Transactions of the American Mathematical Society,journal,,,0002-9947,,,A,云南财经大学,2026
Annals of Applied Probability,journal,,,1050-5164,,,A,云南财经大学,2026
Annals of Applied Statistics,journal,,,1932-6157,,,A,云南财经大学,2026
Bernoulli,journal,,,1350-7265,,,A,云南财经大学,2026
Biometrics,journal,,,0006-341X,,,A,云南财经大学,2026
Biostatistics,journal,,,1465-4644,,,A,云南财经大学,2026
Computational Statistics & Data Analysis,journal,,,0167-9473,,,A,云南财经大学,2026
Journal of Computational and Graphical Statistics,journal,,,1061-8600,,,A,云南财经大学,2026
Journal of Multivariate Analysis,journal,,,0047-259X,,,A,云南财经大学,2026
Journal of the Royal Statistical Society Series A-Statistics in Society,journal,,,0964-1998,,,A,云南财经大学,2026
Journal of the Royal Statistical Society Series C-Applied Statistics,journal,,,0035-9254,,,A,云南财经大学,2026
Journal of Time Series Analysis,journal,,,0143-9782,,,A,云南财经大学,2026
Scandinavian Journal of Statistics,journal,,,0303-6898,,,A,云南财经大学,2026
Statistica Sinica,journal,,,1017-0405,,,A,云南财经大学,2026
Statistical Science,journal,,,0883-4237,,,A,云南财经大学,2026
Statistics and Computing,journal,,,0960-3174,,,A,云南财经大学,2026
Statistics in Medicine,journal,,,0277-6715,,,A,云南财经大学,2026
Technometrics,journal,,,0040-1706,,,A,云南财经大学,2026
Applied Linguistics,journal,,,0142-6001,,,A,云南财经大学,2026
Communication Research,journal,,,0093-6502,,,A,云南财经大学,2026
Human Communication Research,journal,,,0360-3989,,,A,云南财经大学,2026
Language Learning,journal,,,0023-8333,,,A,云南财经大学,2026
Linguistic Inquiry,journal,,,0024-3892,,,A,云南财经大学,2026
Modern Language Journal,journal,,,0026-7902,,,A,云南财经大学,2026
New Media & Society,journal,,,1461-4448,,,A,云南财经大学,2026
Political Communication,journal,,,1058-4609,,,A,云南财经大学,2026
Studies in Second Language Acquisition,journal,,,0272-2631,,,A,云南财经大学,2026
Astrophysical Journal,journal,,,0004-637X,,,A,云南财经大学,2026
Journal of Computational Physics,journal,,,0021-9991,,,A,云南财经大学,2026
Annual Review of Psychology,journal,,,0066-4308,,,A,云南财经大学,2026
Journal of Personality and Social Psychology,journal,,,0022-3514,,,A,云南财经大学,2026
Journal of Vocational Behavior,journal,,,0001-8791,,,A,云南财经大学,2026
Personnel Psychology,journal,,,0031-5826,,,A,云南财经大学,2026
Psychological Science,journal,,,0956-7976,,,A,云南财经大学,2026
Risk Analysis,journal,,,0272-4332,,,A,云南财经大学,2026
Journal of Business Ethics,journal,,,0167-4544,,,A,云南财经大学,2026
Nature Communications,journal,,,2041-1723,,,A,云南财经大学,2026
Nature Reviews Methods Primers,journal,,,2662-8449,,,A,云南财经大学,2026
Science Advances,journal,,,2375-2548,,,A,云南财经大学,2026
Science Bulletin,journal,,,2095-9273,,,A,云南财经大学,2026
Annual Review of Economics,journal,,,1941-1383,,,B,云南财经大学,2026
Annual Review of Financial Economics,journal,,,1941-1367,,,B,云南财经大学,2026
Applied Economics,journal,,,0003-6846,,,B,云南财经大学,2026
Astin Bulletin,journal,,,0515-0361,,,B,云南财经大学,2026
China & World Economy,journal,,,1671-2234,,,B,云南财经大学,2026
China Agricultural Economic Review,journal,,,1756-137X,,,B,云南财经大学,2026
Economic Modelling,journal,,,0264-9993,,,B,云南财经大学,2026
Empirical Economics,journal,,,0377-7332,,,B,云南财经大学,2026
Entrepreneurship and Regional Development,journal,,,0898-5626,,,B,云南财经大学,2026
European Journal of Finance,journal,,,1351-847X,,,B,云南财经大学,2026
European Journal of Political Economy,journal,,,0176-2680,,,B,云南财经大学,2026
Financial Review,journal,,,0732-8516,,,B,云南财经大学,2026
Fiscal Studies,journal,,,0143-5671,,,B,云南财经大学,2026
Information Economics and Policy,journal,,,0167-6245,,,B,云南财经大学,2026
International Journal of Finance & Economics,journal,,,1076-9307,,,B,云南财经大学,2026
International Journal of Game Theory,journal,,,0020-7276,,,B,云南财经大学,2026
International Tax and Public Finance,journal,,,0927-5940,,,B,云南财经大学,2026
Journal of Economic Surveys,journal,,,0950-0804,,,B,云南财经大学,2026
Journal of Economics,journal,,,0931-8658,,,B,云南财经大学,2026
Journal of Financial Services Research,journal,,,0920-8550,,,B,云南财经大学,2026
Journal of Forecasting,journal,,,0277-6693,,,B,云南财经大学,2026
Journal of Housing Economics,journal,,,1051-1377,,,B,云南财经大学,2026
Journal of Institutional and Theoretical Economics,journal,,,0932-4569,,,B,云南财经大学,2026
Journal of International Financial Management & Accounting,journal,,,0954-1314,,,B,云南财经大学,2026
"Journal of International Financial Markets, Institutions & Money",journal,,,1042-4431,,,B,云南财经大学,2026
Journal of International Trade & Economic Development,journal,,,0963-8199,,,B,云南财经大学,2026
Journal of Productivity Analysis,journal,,,0895-562X,,,B,云南财经大学,2026
Managerial and Decision Economics,journal,,,0143-6570,,,B,云南财经大学,2026
Mathematical Social Sciences,journal,,,0165-4896,,,B,云南财经大学,2026
North American Actuarial Journal,journal,,,1092-0277,,,B,云南财经大学,2026
North American Journal of Economics and Finance,journal,,,1062-9408,,,B,云南财经大学,2026
Oxford Review of Economic Policy,journal,,,0266-903X,,,B,云南财经大学,2026
Pacific Economic Review,journal,,,1361-374X,,,B,云南财经大学,2026
Pacific-Basin Finance Journal,journal,,,0927-538X,,,B,云南财经大学,2026
Public Choice,journal,,,0048-5829,,,B,云南财经大学,2026
Public Finance Review,journal,,,1091-1421,,,B,云南财经大学,2026
Quantitative Finance,journal,,,1469-7688,,,B,云南财经大学,2026
Review of Economic Design,journal,,,1434-4742,,,B,云南财经大学,2026
Review of Economics of the Household,journal,,,1569-5239,,,B,云南财经大学,2026
Review of Industrial Organization,journal,,,0889-938X,,,B,云南财经大学,2026
Review of World Economics,journal,,,1610-2878,,,B,云南财经大学,2026
Scandinavian Journal of Economics,journal,,,0347-0520,,,B,云南财经大学,2026
SIAM Journal on Financial Mathematics,journal,,,1945-497X,,,B,云南财经大学,2026
Southern Economic Journal,journal,,,0038-4038,,,B,云南财经大学,2026
Spatial Economic Analysis,journal,,,1742-1772,,,B,云南财经大学,2026
World Bank Research Observer,journal,,,0257-3032,,,B,云南财经大学,2026
World Economy,journal,,,0378-5920,,,B,云南财经大学,2026
Environment and Development Economics,journal,,,1355-770X,,,B,云南财经大学,2026
Financial Innovation,journal,,,2199-4730,,,B,云南财经大学,2026
International Review of Financial Analysis,journal,,,1057-5219,,,B,云南财经大学,2026
Journal of Development Studies,journal,,,0022-0388,,,B,云南财经大学,2026
Review of Environmental Economics and Policy,journal,,,1750-6816,,,B,云南财经大学,2026
Annual Review of Organizational Psychology and Organizational Behavior,journal,,,2327-0608,,,B,云南财经大学,2026
Asia Pacific Journal of Human Resources,journal,,,1038-4111,,,B,云南财经大学,2026
Asia Pacific Journal of Tourism Research,journal,,,1094-1665,,,B,云南财经大学,2026
Asia-Pacific Journal of Accounting & Economics,journal,,,1608-1625,,,B,云南财经大学,2026
Australian Accounting Review,journal,,,1035-6908,,,B,云南财经大学,2026
Behavioral Research in Accounting,journal,,,1050-4753,,,B,云南财经大学,2026
Business Horizons,journal,,,0007-6813,,,B,云南财经大学,2026
China Journal of Accounting Research,journal,,,1755-3091,,,B,云南财经大学,2026
Construction Management and Economics,journal,,,0144-6193,,,B,云南财经大学,2026
Electronic Commerce Research and Applications,journal,,,1567-4223,,,B,云南财经大学,2026
Electronic Markets,journal,,,1019-6781,,,B,云南财经大学,2026
European Management Journal,journal,,,0263-2373,,,B,云南财经大学,2026
Financial Accountability & Management,journal,,,0267-4424,,,B,云南财经大学,2026
Government Information Quarterly,journal,,,0740-624X,,,B,云南财经大学,2026
Information Systems Management,journal,,,1058-0530,,,B,云南财经大学,2026
Information Technology and Management,journal,,,1385-951X,,,B,云南财经大学,2026
International Journal of Advertising,journal,,,0265-0487,,,B,云南财经大学,2026
International Journal of Consumer Studies,journal,,,1470-6423,,,B,云南财经大学,2026
International Journal of Logistics Management,journal,,,0957-4093,,,B,云南财经大学,2026
International Journal of Technology Management,journal,,,0267-5730,,,B,云南财经大学,2026
International Journal of Tourism Research,journal,,,1099-2340,,,B,云南财经大学,2026
International Review of Administrative Sciences,journal,,,0020-8523,,,B,云南财经大学,2026
Journal of Destination Marketing & Management,journal,,,2212-571X,,,B,云南财经大学,2026
Journal of Engineering and Technology Management,journal,,,0923-4748,,,B,云南财经大学,2026
Journal of Family Business Strategy,journal,,,1877-8585,,,B,云南财经大学,2026
Journal of Global Information Management,journal,,,1062-7375,,,B,云南财经大学,2026
Journal of Hospitality and Tourism Management,journal,,,1447-6770,,,B,云南财经大学,2026
Journal of Information Systems,journal,,,0888-7985,,,B,云南财经大学,2026
"Journal of International Accounting, Auditing and Taxation",journal,,,1061-9518,,,B,云南财经大学,2026
Journal of Managerial Psychology,journal,,,0268-3946,,,B,云南财经大学,2026
Journal of Marketing Theory and Practice,journal,,,1069-6679,,,B,云南财经大学,2026
Journal of Personal Selling and Sales Management,journal,,,0885-3134,,,B,云南财经大学,2026
Journal of Purchasing and Supply Management,journal,,,1478-4092,,,B,云南财经大学,2026
Journal of Service Management,journal,,,1757-5818,,,B,云南财经大学,2026
Journal of Strategic Marketing,journal,,,0965-254X,,,B,云南财经大学,2026
Journal of Travel & Tourism Marketing,journal,,,1054-8408,,,B,云南财经大学,2026
Local Government Studies,journal,,,0300-3930,,,B,云南财经大学,2026
Management Communication Quarterly,journal,,,0893-3189,,,B,云南财经大学,2026
Policy Sciences,journal,,,0032-2687,,,B,云南财经大学,2026
Review of Public Personnel Administration,journal,,,0734-371X,,,B,云南财经大学,2026
Science and Public Policy,journal,,,0302-3427,,,B,云南财经大学,2026
Service Industries Journal,journal,,,0264-2069,,,B,云南财经大学,2026
Supply Chain Management,journal,,,1359-8546,,,B,云南财经大学,2026
System Dynamics Review,journal,,,0883-7066,,,B,云南财经大学,2026
Technological Forecasting and Social Change,journal,,,0040-1625,,,B,云南财经大学,2026
Technology Analysis & Strategic Management,journal,,,0953-7325,,,B,云南财经大学,2026
Tourism Economics,journal,,,1354-8166,,,B,云南财经大学,2026
Business Strategy and the Environment,journal,,,0964-4733,,,B,云南财经大学,2026
Current Issues in Tourism,journal,,,1368-3500,,,B,云南财经大学,2026
Journal of Business Logistics,journal,,,0735-3766,,,B,云南财经大学,2026
Journal of Hospitality & Tourism Research,journal,,,1096-3480,,,B,云南财经大学,2026
Journal of Management Analytics,journal,,,2327-0012,,,B,云南财经大学,2026
Marketing Letters,journal,,,0923-0645,,,B,云南财经大学,2026
Marketing Theory,journal,,,1470-5931,,,B,云南财经大学,2026
Geographical Analysis,journal,,,0016-7363,,,B,云南财经大学,2026
Transactions in GIS,journal,,,1361-1682,,,B,云南财经大学,2026
Accident Analysis and Prevention,journal,,,0001-4575,,,B,云南财经大学,2026
Applied Energy,journal,,,0306-2619,,,B,云南财经大学,2026
Applied Mathematical Modelling,journal,,,0307-904X,,,B,云南财经大学,2026
Automation in Construction,journal,,,0926-5805,,,B,云南财经大学,2026
Building Research and Information,journal,,,0961-3218,,,B,云南财经大学,2026
Industrial Management & Data Systems,journal,,,0263-5577,,,B,云南财经大学,2026
Journal of Air Transport Management,journal,,,0969-6997,,,B,云南财经大学,2026
Journal of Engineering Design,journal,,,0954-4828,,,B,云南财经大学,2026
Journal of Scheduling,journal,,,1094-6136,,,B,云南财经大学,2026
Optimization and Engineering,journal,,,1389-4420,,,B,云南财经大学,2026
Quality and Reliability Engineering International,journal,,,0748-8017,,,B,云南财经大学,2026
Reliability Engineering & System Safety,journal,,,0951-8320,,,B,云南财经大学,2026
Safety Science,journal,,,0925-7535,,,B,云南财经大学,2026
Simulation-Transactions of the Society for Modeling and Simulation International,journal,,,0037-5497,,,B,云南财经大学,2026
Transportation,journal,,,0049-4488,,,B,云南财经大学,2026
Transportation Research Part C: Emerging Technologies,journal,,,0968-090X,,,B,云南财经大学,2026
Transportmetrica A: Transport Science,journal,,,2324-9935,,,B,云南财经大学,2026
Transportmetrica B: Transport Dynamics,journal,,,2168-0566,,,B,云南财经大学,2026
Journal of Environmental Management,journal,,,0301-4797,,,B,云南财经大学,2026
Applied Soft Computing,journal,,,1568-4946,,,B,云南财经大学,2026
Artificial Intelligence and Law,journal,,,0924-8463,,,B,云南财经大学,2026
Artificial Intelligence Review,journal,,,0269-2821,,,B,云南财经大学,2026
Computer Journal,journal,,,0010-4620,,,B,云南财经大学,2026
Control Engineering Practice,journal,,,0967-0661,,,B,云南财经大学,2026
Enterprise Information Systems,journal,,,1751-7575,,,B,云南财经大学,2026
IEEE Communications Letters,journal,,,1089-7798,,,B,云南财经大学,2026
IEEE Computational Intelligence Magazine,journal,,,1556-603X,,,B,云南财经大学,2026
IEEE Journal of Selected Topics in Signal Processing,journal,,,1932-4553,,,B,云南财经大学,2026
IEEE Systems Journal,journal,,,1932-8184,,,B,云南财经大学,2026
IEEE Transactions on Computational Imaging,journal,,,2573-0436,,,B,云南财经大学,2026
IEEE Transactions on Consumer Electronics,journal,,,0098-3063,,,B,云南财经大学,2026
IEEE Transactions on Control Systems Technology,journal,,,1063-6536,,,B,云南财经大学,2026
IEEE Transactions on Emerging Topics in Computational Intelligence,journal,,,2471-285X,,,B,云南财经大学,2026
IEEE Transactions on Emerging Topics in Computing,journal,,,2168-6750,,,B,云南财经大学,2026
IEEE Transactions on Network Science and Engineering,journal,,,2327-4697,,,B,云南财经大学,2026
IEEE Transactions on Signal and Information Processing Over Networks,journal,,,2373-776X,,,B,云南财经大学,2026
IEEE Transactions on Vehicular Technology,journal,,,0018-9545,,,B,云南财经大学,2026
IEEE Wireless Communications,journal,,,1536-1284,,,B,云南财经大学,2026
IEEE Wireless Communications Letters,journal,,,2162-2337,,,B,云南财经大学,2026
IEEE-ACM Transactions on Audio Speech and Language Processing,journal,,,2329-9290,,,B,云南财经大学,2026
IEEE-CAA Journal of Automatica Sinica,journal,,,2329-9266,,,B,云南财经大学,2026
International Journal of General Systems,journal,,,0308-1079,,,B,云南财经大学,2026
International Journal of Robotics Research,journal,,,0278-3649,,,B,云南财经大学,2026
Journal of Field Robotics,journal,,,1556-4959,,,B,云南财经大学,2026
Journal of Industrial Information Integration,journal,,,2467-964X,,,B,云南财经大学,2026
Journal of Systems Architecture,journal,,,1383-7621,,,B,云南财经大学,2026
Journal of Systems Engineering and Electronics,journal,,,1004-4132,,,B,云南财经大学,2026
Robotics and Autonomous Systems,journal,,,0921-8890,,,B,云南财经大学,2026
Social Networks,journal,,,0378-8733,,,B,云南财经大学,2026
Swarm and Evolutionary Computation,journal,,,2210-6502,,,B,云南财经大学,2026
Tsinghua Science and Technology,journal,,,1007-0214,,,B,云南财经大学,2026
Vehicular Communications,journal,,,2214-2096,,,B,云南财经大学,2026
World Wide Web-Internet and Web Information Systems,journal,,,1386-145X,,,B,云南财经大学,2026
The Web Conference (International World Wide Web Conference),conference,,ACMWWW,,,,B,云南财经大学,2026
British Journal of Educational Technology,journal,,,0007-1013,,,B,云南财经大学,2026
European Sport Management Quarterly,journal,,,1618-4742,,,B,云南财经大学,2026
Higher Education,journal,,,0018-1560,,,B,云南财经大学,2026
Journal of Hospitality Leisure Sport & Tourism Education,journal,,,1473-8376,,,B,云南财经大学,2026
Journal of Sport Management,journal,,,0888-4773,,,B,云南财经大学,2026
Sport Management Review,journal,,,1441-3523,,,B,云南财经大学,2026
Studies in Higher Education,journal,,,0307-5079,,,B,云南财经大学,2026
History of Political Economy,journal,,,0018-2702,,,B,云南财经大学,2026
Annual Review of Law and Social Science,journal,,,1550-3585,,,B,云南财经大学,2026
British Journal of Political Science,journal,,,0007-1234,,,B,云南财经大学,2026
California Law Review,journal,,,0008-1221,,,B,云南财经大学,2026
China Quarterly,journal,,,0305-7410,,,B,云南财经大学,2026
Columbia Law Review,journal,,,0010-1958,,,B,云南财经大学,2026
Comparative Political Studies,journal,,,0010-4140,,,B,云南财经大学,2026
Comparative Politics,journal,,,0010-4159,,,B,云南财经大学,2026
Critical Inquiry,journal,,,0093-1896,,,B,云南财经大学,2026
Duke Law Journal,journal,,,0012-7086,,,B,云南财经大学,2026
European Constitutional Law Review,journal,,,1574-0196,,,B,云南财经大学,2026
European Journal of International Law,journal,,,0938-5428,,,B,云南财经大学,2026
European Journal of Political Research,journal,,,0304-4130,,,B,云南财经大学,2026
Georgetown Law Journal,journal,,,0016-8092,,,B,云南财经大学,2026
International Review of Law and Economics,journal,,,0144-8188,,,B,云南财经大学,2026
Journal of Asian Studies,journal,,,0021-9118,,,B,云南财经大学,2026
Journal of International Economic Law,journal,,,1369-3034,,,B,云南财经大学,2026
Law & Society Review,journal,,,0023-9216,,,B,云南财经大学,2026
Law and Human Behavior,journal,,,0147-7307,,,B,云南财经大学,2026
Legal and Criminological Psychology,journal,,,1355-3259,,,B,云南财经大学,2026
Michigan Law Review,journal,,,0026-2234,,,B,云南财经大学,2026
New York University Law Review,journal,,,0028-7881,,,B,云南财经大学,2026
Pacific Review,journal,,,0951-2748,,,B,云南财经大学,2026
Policy Studies Journal,journal,,,0190-292X,,,B,云南财经大学,2026
Political Behavior,journal,,,0190-9320,,,B,云南财经大学,2026
Political Studies,journal,,,0032-3217,,,B,云南财经大学,2026
Psychology Public Policy and Law,journal,,,1076-8971,,,B,云南财经大学,2026
Social Policy & Administration,journal,,,0144-5596,,,B,云南财经大学,2026
Texas Law Review,journal,,,0040-4411,,,B,云南财经大学,2026
Theory Culture & Society,journal,,,0263-2764,,,B,云南财经大学,2026
UCLA Law Review,journal,,,0041-5650,,,B,云南财经大学,2026
Vanderbilt Law Review,journal,,,0042-2533,,,B,云南财经大学,2026
Virginia Law Review,journal,,,0042-6601,,,B,云南财经大学,2026
Proceedings of the Royal Society B-Biological Sciences,journal,,,0962-8452,,,B,云南财经大学,2026
Research Synthesis Methods,journal,,,1759-2879,,,B,云南财经大学,2026
Acta Mathematica Scientia,journal,,,0252-9602,,,B,云南财经大学,2026
Advances in Applied Mathematics,journal,,,0196-8858,,,B,云南财经大学,2026
Advances in Computational Mathematics,journal,,,1019-7168,,,B,云南财经大学,2026
Advances in Continuous and Discrete Models,journal,,,2731-4235,,,B,云南财经大学,2026
Advances in Differential Equations,journal,,,1079-9389,,,B,云南财经大学,2026
Advances in Nonlinear Analysis,journal,,,2191-9496,,,B,云南财经大学,2026
Algebra & Number Theory,journal,,,1937-0652,,,B,云南财经大学,2026
Analysis & PDE,journal,,,1948-206X,,,B,云南财经大学,2026
Analysis and Applications,journal,,,0219-5305,,,B,云南财经大学,2026
Annals of PDE,journal,,,2524-5317,,,B,云南财经大学,2026
Applied Mathematics and Computation,journal,,,0096-3003,,,B,云南财经大学,2026
Applied Mathematics and Optimization,journal,,,0095-4616,,,B,云南财经大学,2026
Applied Mathematics Letters,journal,,,0893-9659,,,B,云南财经大学,2026
Applied Numerical Mathematics,journal,,,0168-9274,,,B,云南财经大学,2026
Bit Numerical Mathematics,journal,,,0006-3835,,,B,云南财经大学,2026
Bulletin of the London Mathematical Society,journal,,,0024-6093,,,B,云南财经大学,2026
Chaos,journal,,,1054-1500,,,B,云南财经大学,2026
Chaos Solitons & Fractals,journal,,,0960-0779,,,B,云南财经大学,2026
Combinatorica,journal,,,0209-9683,,,B,云南财经大学,2026
Communications in Nonlinear Science and Numerical Simulation,journal,,,1007-5704,,,B,云南财经大学,2026
Computational Optimization and Applications,journal,,,0926-6003,,,B,云南财经大学,2026
Discrete and Continuous Dynamical Systems,journal,,,1078-0947,,,B,云南财经大学,2026
Discrete Mathematics,journal,,,0012-365X,,,B,云南财经大学,2026
Ergodic Theory and Dynamical Systems,journal,,,0143-3857,,,B,云南财经大学,2026
ESAIM -Mathematical Modelling Andnumerical Analysis-Modelisation Mathematique ET Analyse Numerique,journal,,,0764-583X,,,B,云南财经大学,2026
European Journal of Combinatorics,journal,,,0195-6698,,,B,云南财经大学,2026
Finite Fields and Their Applications,journal,,,1071-5797,,,B,云南财经大学,2026
Forum Mathematicum,journal,,,0933-7741,,,B,云南财经大学,2026
International Journal of Biomathematics,journal,,,1793-5245,,,B,云南财经大学,2026
Journal of Applied Mathematics and Computing,journal,,,1598-5865,,,B,云南财经大学,2026
Journal of Combinatorial Theory Series A,journal,,,0097-3165,,,B,云南财经大学,2026
Journal of Combinatorial Theory Series B,journal,,,0095-8956,,,B,云南财经大学,2026
Journal of Computational and Applied Mathematics,journal,,,0377-0427,,,B,云南财经大学,2026
Journal of Graph Theory,journal,,,0364-9024,,,B,云南财经大学,2026
Journal of Nonlinear Science,journal,,,0938-8974,,,B,云南财经大学,2026
Journal of Optimization Theory and Applications,journal,,,0022-3239,,,B,云南财经大学,2026
Journal of Pure and Applied Algebra,journal,,,0022-4049,,,B,云南财经大学,2026
Journal of Systems Science and Complexity,journal,,,1009-6124,,,B,云南财经大学,2026
Journal of the London Mathematical Society-Second Series,journal,,,0024-6107,,,B,云南财经大学,2026
Journal of the Operations Research Society of China,journal,,,2194-668X,,,B,云南财经大学,2026
Mathematical Methods of Operations Research,journal,,,1432-2994,,,B,云南财经大学,2026
Mathematical Programming Computation,journal,,,1867-2949,,,B,云南财经大学,2026
Mathematics and Computers in Simulation,journal,,,0378-4754,,,B,云南财经大学,2026
Mediterranean Journal of Mathematics,journal,,,1660-5446,,,B,云南财经大学,2026
Multiscale Modeling & Simulation,journal,,,1540-3459,,,B,云南财经大学,2026
Numerical Algorithms,journal,,,1017-1398,,,B,云南财经大学,2026
Numerical Linear Algebra With Applications,journal,,,1070-5325,,,B,云南财经大学,2026
Pacific Journal of Mathematics,journal,,,0030-8730,,,B,云南财经大学,2026
Potential Analysis,journal,,,0926-2601,,,B,云南财经大学,2026
Proceedings of the American Mathematical Society,journal,,,0002-9939,,,B,云南财经大学,2026
Proceedings of the Royal Society of Edinburgh Section A-Mathematics,journal,,,0308-2105,,,B,云南财经大学,2026
Representation Theory,journal,,,1088-4165,,,B,云南财经大学,2026
Semigroup Forum,journal,,,0037-1912,,,B,云南财经大学,2026
SIAM Journal on Mathematics of Data Science,journal,,,2577-0187,,,B,云南财经大学,2026
Studies in Applied Mathematics,journal,,,0022-2526,,,B,云南财经大学,2026
AMERICAN STATISTICIAN,journal,,,0003-1305,,,B,云南财经大学,2026
Annals of the Institute of Statistical Mathematics,journal,,,0020-3157,,,B,云南财经大学,2026
Australian & New Zealand Journal of Statistics,journal,,,1369-1473,,,B,云南财经大学,2026
Bayesian Analysis,journal,,,1931-6690,,,B,云南财经大学,2026
Canadian Journal of Statistics-Revuecanadienne De STATISTIQUE,journal,,,0319-5724,,,B,云南财经大学,2026
Communications in Mathematics and Statistics,journal,,,2194-6701,,,B,云南财经大学,2026
Computational Statistics,journal,,,0943-4062,,,B,云南财经大学,2026
Electronic Journal of Statistics,journal,,,1935-7524,,,B,云南财经大学,2026
Journal of Applied Statistics,journal,,,0266-4763,,,B,云南财经大学,2026
Journal of Statistical Planning and Inference,journal,,,0378-3758,,,B,云南财经大学,2026
Journal of Statistical Software,journal,,,1548-7660,,,B,云南财经大学,2026
Statistical Methods in Medical Research,journal,,,0962-2802,,,B,云南财经大学,2026
Statistical Papers,journal,,,0932-5026,,,B,云南财经大学,2026
Statistics & Probability Letters,journal,,,0167-7152,,,B,云南财经大学,2026
TEST,journal,,,1133-0686,,,B,云南财经大学,2026
Applied Psycholinguistics,journal,,,0142-7164,,,B,云南财经大学,2026
Bilingualism-Language and Cognition,journal,,,1366-7289,,,B,云南财经大学,2026
Cognitive Linguistics,journal,,,0936-5907,,,B,云南财经大学,2026
Communication Theory,journal,,,1050-3293,,,B,云南财经大学,2026
English for Specific Purposes,journal,,,0889-4906,,,B,云南财经大学,2026
Journal of Compute-Mediated Communication,journal,,,1083-6101,,,B,云南财经大学,2026
Journal of English for Academic Purposes,journal,,,1475-1585,,,B,云南财经大学,2026
Language in Society,journal,,,0047-4045,,,B,云南财经大学,2026
Public Understanding of Science,journal,,,0963-6625,,,B,云南财经大学,2026
Research on Language and Social Interaction,journal,,,0835-1813,,,B,云南财经大学,2026
Science Communication,journal,,,1075-5470,,,B,云南财经大学,2026
Social Media + Society,journal,,,2056-3051,,,B,云南财经大学,2026
TESOL Quarterly,journal,,,0039-8322,,,B,云南财经大学,2026
Astronomy & Astrophysics,journal,,,0004-6361,,,B,云南财经大学,2026
Monthly Notices of the Royal Astronomical Society,journal,,,0035-8711,,,B,云南财经大学,2026
Nature Astronomy,journal,,,2397-3366,,,B,云南财经大学,2026
Physica A-Statistical Mechanics and Its Applications,journal,,,0378-4371,,,B,云南财经大学,2026
Physical Review E,journal,,,2470-0045,,,B,云南财经大学,2026
Computers in Human Behavior,journal,,,0747-5632,,,B,云南财经大学,2026
Journal of Applied Behavioral Science,journal,,,0021-8863,,,B,云南财经大学,2026
Journal of Business and Psychology,journal,,,0889-3268,,,B,云南财经大学,2026
Journal of Occupational and Organizational Psychology,journal,,,0963-1798,,,B,云南财经大学,2026
Journal of Occupational Health Psychology,journal,,,1076-8998,,,B,云南财经大学,2026
Media Psychology,journal,,,1521-3269,,,B,云南财经大学,2026
Work and Stress,journal,,,0267-8373,,,B,云南财经大学,2026
Economics and Philosophy,journal,,,0266-2671,,,B,云南财经大学,2026
National Science Review,journal,,,2095-5138,,,B,云南财经大学,2026